,TLD,Alexa #,Domain #,Start Date,ASCII,Whois Server,Registry
1,com,495432,125989354,1/1/85,com,whois.verisign-grs.com,registry
2,net,51946,15669385,1/1/85,net,whois.verisign-grs.com,registry
3,org,46537,10907753,1/1/85,org,whois.pir.org,registry
4,info,10176,5492303,6/26/01,info,whois.afilias.net,registry
5,xyz,2224,2704745,2/6/14,xyz,whois.nic.xyz,registry
6,biz,3313,2182371,6/26/01,biz,whois.biz,registry
7,top,1447,2083549,7/24/14,top,whois.nic.top,registry
8,wang,28,1064835,12/12/13,wang,whois.gtld.knet.cn,registry
9,win,68,906894,2/5/15,win,whois.nic.win,registry
10,club,880,751335,1/9/14,club,whois.nic.club,registry
11,mobi,732,712379,10/17/05,mobi,whois.dotmobiregistry.net,registry
12,site,280,364969,3/6/15,site,whois.centralnic.com,registry
13,pro,681,362438,5/8/02,pro,whois.afilias.net,registry
14,link,279,358321,1/9/14,link,whois.uniregistry.net,registry
15,bid,76,350651,2/13/14,bid,whois.nic.bid,registry
16,�_Ԍ��,NA,333868,3/13/14,xn--ses554g,whois.registry.knet.cn,registry
17,science,27,324193,10/23/14,science,whois.nic.science,registry
18,red,60,306287,1/16/14,red,whois.afilias.net,registry
19,ren,5,298419,2/28/14,ren,whois.nic.ren,registry
20,online,482,256523,3/6/15,online,whois.centralnic.com,registry
21,party,15,237839,10/23/14,party,whois.nic.party,registry
22,loan,3,236459,2/5/15,loan,whois.nic.loan,registry
23,click,136,211063,8/15/14,click,whois.uniregistry.net,registry
24,date,17,180174,2/5/15,date,whois.nic.date,registry
25,website,253,145661,5/22/14,website,whois.nic.website,registry
26,space,243,141138,5/22/14,space,whois.nic.space,registry
27,kim,20,119567,12/19/13,kim,whois.afilias.net,registry
28,xin,4,113481,2/19/15,xin,whois.afilias-srs.net,registry
29,tech,497,102890,3/12/15,tech,whois.nic.tech,registry
30,cat,354,100210,12/19/05,cat,whois.cat,registry
31,xxx,432,99126,4/15/11,xxx,whois.nic.xxx,registry
32,lol,47,92515,4/23/15,lol,whois.uniregistry.net,registry
33,work,101,91422,8/18/14,work,whois-dub.mm-registry.com,registry
34,webcam,13,84027,3/6/14,webcam,whois.nic.webcam,registry
35,review,13,79422,2/5/15,review,whois.nic.review,registry
36,nyc,28,75447,3/13/14,nyc,whois.nic.nyc,registry
37,news,170,73952,3/12/15,news,whois.rightside.co,registry
38,realtor,3,73428,7/24/14,realtor,whois.nic.realtor,registry
39,trade,32,73228,3/6/14,trade,whois.nic.trade,registry
40,download,55,64770,2/5/15,download,whois.nic.download,registry
41,rocks,84,64411,1/16/14,rocks,whois.unitedtld.com,registry
42,london,22,62047,2/13/14,london,whois-lon.mm-registry.com,registry
43,guru,127,60060,10/31/13,guru,whois.donuts.co,registry
44,berlin,8,56866,12/19/13,berlin,whois.nic.berlin,registry
45,email,24,55741,12/19/13,email,whois.donuts.co,registry
46,one,52,55436,12/18/14,one,whois.nic.one,registry
47,faith,1,53635,2/5/15,faith,whois.nic.faith,registry
48,pub,18,51775,2/20/14,pub,whois.unitedtld.com,registry
49,ninja,74,51759,12/19/13,ninja,whois.unitedtld.com,registry
50,today,137,50685,11/13/13,today,whois.donuts.co,registry
51,����,NA,49932,1/9/14,xn--55qx5d,whois.ngtld.cn,registry
52,solutions,22,49671,12/19/13,solutions,whois.donuts.co,registry
53,help,18,49543,8/15/14,help,whois.uniregistry.net,registry
54,cloud,5,48347,6/18/15,cloud,whois.nic.cloud,registry
55,racing,2,48248,3/26/15,racing,whois.nic.racing,registry
56,photography,6,48222,11/13/13,photography,whois.donuts.co,registry
57,tokyo,136,47616,1/16/14,tokyo,whois.nic.tokyo,registry
58,jobs,144,46213,9/8/05,jobs,jobswhois.verisign-grs.com,registry
59,ovh,66,46118,5/1/14,ovh,whois-ovh.nic.fr,registry
60,company,27,45592,12/12/13,company,whois.donuts.co,registry
61,accountant,1,45569,2/5/15,accountant,whois.nic.accountant,registry
62,property,2,41050,8/15/14,property,whois.uniregistry.net,registry
63,blue,28,40458,1/23/14,blue,whois.afilias.net,registry
64,cricket,2,40221,11/13/14,cricket,whois.nic.cricket,registry
65,pink,28,39589,12/19/13,pink,whois.afilias.net,registry
66,design,29,38713,12/18/14,design,whois.nic.design,registry
67,live,31,36982,6/25/15,live,whois.rightside.co,registry
68,life,77,36096,5/8/14,life,whois.donuts.co,registry
69,�Ϭ���,NA,35960,12/19/13,xn--3ds443g,whois.afilias-srs.net,registry
70,tips,55,33369,11/13/13,tips,whois.donuts.co,registry
71,�_ԍ��,1,31832,1/9/14,xn--io0a7i,whois.ngtld.cn,registry
72,center,48,31342,12/12/13,center,whois.donuts.co,registry
73,pics,253,31091,1/9/14,pics,whois.uniregistry.net,registry
74,bayern,2,30871,3/13/14,bayern,whois-dub.mm-registry.com,registry
75,��Ѝ��,1,30166,3/6/14,xn--rhqv96g,,registry
76,expert,29,28126,1/16/14,expert,whois.donuts.co,registry
77,world,31,28033,9/11/14,world,whois.donuts.co,registry
78,gift,13,26248,1/9/14,gift,whois.uniregistry.net,registry
79,agency,23,26006,1/9/14,agency,whois.donuts.co,registry
80,photo,12,25991,1/16/14,photo,whois.uniregistry.net,registry
81,flowers,1,25817,12/18/14,flowers,whois.uniregistry.net,registry
82,media,81,25549,4/3/14,media,whois.donuts.co,registry
83,amsterdam,3,24852,11/20/14,amsterdam,whois.nic.amsterdam,registry
84,bet,1,24677,7/16/15,bet,whois.afilias.net,registry
85,hamburg,4,24505,5/22/14,hamburg,whois.nic.hamburg,registry
86,koeln,2,24438,2/20/14,koeln,whois-fe1.pdt.koeln.tango.knipp.de,registry
87,technology,15,23960,11/8/13,technology,whois.donuts.co,registry
88,audio,15,23522,5/8/14,audio,whois.uniregistry.net,registry
89,ink,14,23301,2/27/14,ink,whois.nic.ink,registry
90,sexy,76,22843,11/8/13,sexy,whois.uniregistry.net,registry
91,global,41,22769,5/29/14,global,whois.nic.global,registry
92,��ܾϼ,NA,22716,6/5/14,xn--kput3i,whois.afilias-srs.net,registry
93,services,14,22177,4/3/14,services,whois.donuts.co,registry
94,press,66,21928,5/22/14,press,whois.nic.press,registry
95,black,10,21521,3/20/14,black,whois.afilias.net,registry
96,uno,14,20610,11/13/13,uno,whois.nic.uno,registry
97,paris,11,20572,3/27/14,paris,whois-paris.nic.fr,registry
98,academy,28,20279,12/12/13,academy,whois.donuts.co,registry
99,��ԍ���_�,NA,19477,12/12/13,xn--6qq986b3xl,whois.gtld.knet.cn,registry
100,international,6,19414,12/19/13,international,whois.donuts.co,registry
101,systems,18,18937,12/12/13,systems,whois.donuts.co,registry
102,education,21,18884,12/19/13,education,whois.donuts.co,registry
103,casa,4,18624,8/18/14,casa,whois-dub.mm-registry.com,registry
104,photos,16,18544,12/12/13,photos,whois.donuts.co,registry
105,ooo,16,18514,7/31/14,ooo,whois.nic.ooo,registry
106,love,7,18500,3/25/15,love,whois.nic.love,registry
107,diet,1,18406,8/15/14,diet,whois.uniregistry.net,registry
108,city,33,18295,7/3/14,city,whois.donuts.co,registry
109,moscow,23,17984,4/17/14,moscow,whois.nic.moscow,registry
110,��_����_�,NA,17923,12/19/13,xn--fiq228c5hs,whois.afilias-srs.net,registry
111,wiki,40,17702,2/6/14,wiki,whois.nic.wiki,registry
112,directory,17,17427,11/13/13,directory,whois.donuts.co,registry
113,events,15,17366,1/30/14,events,whois.donuts.co,registry
114,consulting,1,16986,1/30/14,consulting,whois.unitedtld.com,registry
115,training,13,16818,12/19/13,training,whois.donuts.co,registry
116,gallery,10,16815,11/8/13,gallery,whois.donuts.co,registry
117,support,16,16718,12/12/13,support,whois.donuts.co,registry
118,reviews,12,16715,2/6/14,reviews,whois.unitedtld.com,registry
119,social,43,16131,1/9/14,social,whois.unitedtld.com,registry
120,zone,42,16118,1/9/14,zone,whois.donuts.co,registry
121,run,9,15694,4/30/15,run,whois.donuts.co,registry
122,____��_�___�,5,15307,4/17/14,xn--80adxhks,whois.nic.xn--80adxhks,registry
123,marketing,16,15292,1/9/14,marketing,whois.donuts.co,registry
124,hosting,7,15194,8/15/14,hosting,whois.uniregistry.net,registry
125,video,44,15166,12/17/14,video,whois.rightside.co,registry
126,christmas,1,15150,2/13/14,christmas,whois.uniregistry.net,registry
127,wien,4,14974,12/19/13,wien,whois.nic.wien,registry
128,network,32,14719,8/18/14,network,whois.donuts.co,registry
129,miami,1,14716,2/28/14,miami,whois-dub.mm-registry.com,registry
130,house,11,14645,12/19/13,house,whois.donuts.co,registry
131,digital,40,14570,4/17/14,digital,whois.donuts.co,registry
132,swiss,1,14367,4/16/15,swiss,whois.nic.swiss,registry
133,bio,10,14145,5/15/14,bio,whois.ksregistry.net,registry
134,men,2,14109,5/8/15,men,whois.nic.men,registry
135,porn,39,13769,11/26/14,porn,whois.afilias-srs.net,registry
136,church,7,13760,5/8/14,church,whois.donuts.co,registry
137,land,20,13666,11/8/13,land,whois.donuts.co,registry
138,frl,1,13618,8/22/14,frl,whois.nic.frl,registry
139,vegas,2,13580,3/20/14,vegas,whois.afilias-srs.net,registry
140,bike,22,13548,11/8/13,bike,whois.donuts.co,registry
141,lawyer,1,13269,5/22/14,lawyer,whois.rightside.co,registry
142,ruhr,1,13140,11/25/13,ruhr,whois.nic.ruhr,registry
143,�����_,NA,13101,2/27/14,xn--czru2d,whois.gtld.knet.cn,registry
144,clothing,5,13061,10/31/13,clothing,whois.donuts.co,registry
145,guide,21,12875,5/8/14,guide,whois.donuts.co,registry
146,cool,16,12395,1/16/14,cool,whois.donuts.co,registry
147,host,34,12151,5/22/14,host,whois.nic.host,registry
148,beer,3,12112,3/13/14,beer,whois-dub.mm-registry.com,registry
149,blackfriday,1,12102,4/17/14,blackfriday,whois.uniregistry.net,registry
150,care,5,11911,4/17/14,care,whois.donuts.co,registry
151,wales,5,11650,7/31/14,wales,whois.nic.wales,registry
152,sex,13,11492,4/9/15,sex,whois.afilias-srs.net,registry
153,rentals,3,11262,1/30/14,rentals,whois.donuts.co,registry
154,scot,14,11121,6/5/14,scot,whois.scot.coreregistry.net,registry
155,immo,2,10946,8/22/14,immo,whois.donuts.co,registry
156,coffee,9,10922,12/19/13,coffee,whois.donuts.co,registry
157,properties,1,10902,1/30/14,properties,whois.donuts.co,registry
158,business,6,10753,8/18/14,business,whois.donuts.co,registry
159,sale,3,10570,12/17/14,sale,whois.rightside.co,registry
160,kiwi,3,10368,11/25/13,kiwi,whois.nic.kiwi,registry
161,market,13,10204,5/22/14,market,whois.rightside.co,registry
162,studio,6,10076,6/25/15,studio,whois.rightside.co,registry
163,adult,5,9956,11/26/14,adult,whois.afilias-srs.net,registry
164,fashion,4,9928,10/23/14,fashion,whois-dub.mm-registry.com,registry
165,works,21,9840,1/16/14,works,whois.donuts.co,registry
166,wine,1,9755,7/23/15,wine,whois.donuts.co,registry
167,nrw,5,9734,5/29/14,nrw,whois.nic.nrw,registry
168,software,13,9703,5/22/14,software,whois.rightside.co,registry
169,management,2,9663,12/12/13,management,whois.donuts.co,registry
170,community,21,9545,1/23/14,community,whois.donuts.co,registry
171,estate,2,9496,11/8/13,estate,whois.donuts.co,registry
172,kaufen,1,9265,12/19/13,kaufen,whois.unitedtld.com,registry
173,buzz,19,9209,12/12/13,buzz,whois.nic.buzz,registry
174,gold,2,9112,3/12/15,gold,whois.donuts.co,registry
175,farm,10,8844,12/19/13,farm,whois.donuts.co,registry
176,quebec,2,8761,3/13/14,quebec,whois.nic.quebec,registry
177,melbourne,2,8570,7/3/14,melbourne,whois.aridnrs.net.au,registry
178,fit,6,8549,12/18/14,fit,whois-dub.mm-registry.com,registry
179,chat,13,8504,1/29/15,chat,whois.donuts.co,registry
180,direct,10,8472,5/22/14,direct,whois.donuts.co,registry
181,band,1,8399,10/1/14,band,whois.rightside.co,registry
182,attorney,1,8236,5/22/14,attorney,whois.rightside.co,registry
183,sydney,3,8061,10/30/14,sydney,whois.nic.sydney,registry
184,boutique,3,8020,1/16/14,boutique,whois.donuts.co,registry
185,immobilien,1,7867,12/19/13,immobilien,whois.unitedtld.com,registry
186,institute,4,7865,12/19/13,institute,whois.donuts.co,registry
187,legal,2,7839,11/20/14,legal,whois.donuts.co,registry
188,coop,124,7792,12/15/01,coop,whois.nic.coop,registry
189,ski,2,7792,5/14/15,ski,whois.ksregistry.net,registry
190,wedding,1,7757,7/10/14,wedding,whois-dub.mm-registry.com,registry
191,deals,15,7694,7/3/14,deals,whois.donuts.co,registry
192,fitness,5,7589,4/11/14,fitness,whois.donuts.co,registry
193,family,1,7554,8/6/15,family,whois.rightside.co,registry
194,graphics,4,7479,11/8/13,graphics,whois.donuts.co,registry
195,wtf,12,7455,4/17/14,wtf,whois.donuts.co,registry
196,tattoo,2,7450,11/8/13,tattoo,whois.uniregistry.net,registry
197,sucks,NA,7425,2/19/15,sucks,whois.nic.sucks,registry
198,pet,1,7365,7/16/15,pet,whois.afilias.net,registry
199,school,10,7359,2/13/15,school,whois.donuts.co,registry
200,hiphop,1,7293,5/8/14,hiphop,whois.uniregistry.net,registry
201,tools,28,7182,1/16/14,tools,whois.donuts.co,registry
202,ventures,8,7168,10/31/13,ventures,whois.donuts.co,registry
203,yoga,2,7166,8/15/14,yoga,whois-dub.mm-registry.com,registry
204,team,14,7000,4/9/15,team,whois.donuts.co,registry
205,cafe,6,6982,3/12/15,cafe,whois.donuts.co,registry
206,domains,12,6903,12/12/13,domains,whois.donuts.co,registry
207,foundation,2,6888,2/6/14,foundation,whois.donuts.co,registry
208,careers,12,6833,12/12/13,careers,whois.donuts.co,registry
209,healthcare,2,6792,7/24/14,healthcare,whois.donuts.co,registry
210,pictures,5,6787,4/3/14,pictures,whois.donuts.co,registry
211,fund,10,6643,4/17/14,fund,whois.donuts.co,registry
212,solar,1,6600,12/19/13,solar,whois.donuts.co,registry
213,repair,2,6505,12/19/13,repair,whois.donuts.co,registry
214,coach,5,6497,11/20/14,coach,whois.donuts.co,registry
215,equipment,1,6495,10/31/13,equipment,whois.donuts.co,registry
216,forsale,2,6478,9/24/14,forsale,whois.unitedtld.com,registry
217,rent,4,6361,4/2/15,rent,whois.nic.rent,registry
218,construction,1,6274,11/8/13,construction,whois.donuts.co,registry
219,menu,9,6258,11/13/13,menu,whois.nic.menu,registry
220,dental,NA,6156,4/17/14,dental,whois.donuts.co,registry
221,fyi,3,6139,5/14/15,fyi,whois.donuts.co,registry
222,dog,4,6034,4/16/15,dog,whois.donuts.co,registry
223,brussels,7,6004,6/5/14,brussels,whois.nic.brussels,registry
224,camp,5,5937,12/12/13,camp,whois.donuts.co,registry
225,kitchen,4,5846,11/13/13,kitchen,whois.donuts.co,registry
226,lighting,2,5795,10/31/13,lighting,whois.donuts.co,registry
227,cymru,4,5728,7/31/14,cymru,whois.nic.cymru,registry
228,vlaanderen,1,5720,6/5/14,vlaanderen,whois.nic.vlaanderen,registry
229,bzh,10,5700,5/29/14,bzh,whois-bzh.nic.fr,registry
230,vin,1,5669,7/23/15,vin,whois.donuts.co,registry
231,money,8,5659,11/20/14,money,whois.donuts.co,registry
232,������,NA,5648,5/8/14,xn--czr694b,,registry
233,jetzt,1,5617,3/6/14,jetzt,whois.nic.jetzt,registry
234,restaurant,1,5614,7/31/14,restaurant,whois.donuts.co,registry
235,shoes,4,5606,12/12/13,shoes,whois.donuts.co,registry
236,law,1,5423,6/18/15,law,whois-dub.mm-registry.com,registry
237,cash,13,5403,4/17/14,cash,whois.donuts.co,registry
238,golf,NA,5400,3/12/15,golf,whois.donuts.co,registry
239,cards,8,5379,2/6/14,cards,whois.donuts.co,registry
240,watch,13,5375,1/16/14,watch,whois.donuts.co,registry
241,holiday,2,5338,12/19/13,holiday,whois.donuts.co,registry
242,eus,47,5328,3/6/14,eus,whois.eus.coreregistry.net,registry
243,clinic,3,5311,4/11/14,clinic,whois.donuts.co,registry
244,cologne,NA,5263,3/13/14,cologne,whois-fe1.pdt.cologne.tango.knipp.de,registry
245,vet,1,5260,5/22/14,vet,whois.rightside.co,registry
246,moe,58,5208,3/13/14,moe,whois.nic.moe,registry
247,plus,20,5132,3/12/15,plus,whois.donuts.co,registry
248,college,1,5085,3/13/14,college,whois.nic.college,registry
249,enterprises,1,5027,11/13/13,enterprises,whois.donuts.co,registry
250,dance,3,4993,1/9/14,dance,whois.unitedtld.com,registry
251,holdings,1,4988,10/31/13,holdings,whois.donuts.co,registry
252,capital,2,4930,4/3/14,capital,whois.donuts.co,registry
253,camera,8,4923,10/31/13,camera,whois.donuts.co,registry
254,parts,4,4920,2/6/14,parts,whois.donuts.co,registry
255,reisen,1,4863,4/3/14,reisen,whois.donuts.co,registry
256,codes,14,4822,12/19/13,codes,whois.donuts.co,registry
257,computer,3,4813,12/12/13,computer,whois.donuts.co,registry
258,productions,2,4803,2/6/14,productions,whois.donuts.co,registry
259,taxi,1,4801,4/30/15,taxi,whois.donuts.co,registry
260,report,29,4787,1/30/14,report,whois.donuts.co,registry
261,style,6,4785,1/29/15,style,whois.donuts.co,registry
262,barcelona,4,4765,6/4/15,barcelona,whois.nic.barcelona,registry
263,bar,4,4707,2/13/14,bar,whois.nic.bar,registry
264,university,3,4694,4/3/14,university,whois.donuts.co,registry
265,exchange,11,4664,4/17/14,exchange,whois.donuts.co,registry
266,partners,4,4661,1/30/14,partners,whois.donuts.co,registry
267,tours,1,4614,3/12/15,tours,whois.donuts.co,registry
268,singles,4,4610,10/31/13,singles,whois.donuts.co,registry
269,football,1,4600,2/13/15,football,whois.donuts.co,registry
270,tax,1,4566,4/17/14,tax,whois.donuts.co,registry
271,vision,2,4566,2/6/14,vision,whois.donuts.co,registry
272,tirol,2,4541,5/29/14,tirol,whois.nic.tirol,registry
273,discount,2,4535,4/17/14,discount,whois.donuts.co,registry
274,finance,3,4513,4/24/14,finance,whois.donuts.co,registry
275,vacations,3,4445,2/13/14,vacations,whois.donuts.co,registry
276,onl,9,4373,12/12/13,onl,whois.afilias-srs.net,registry
277,capetown,1,4315,6/5/14,capetown,capetown-whois.registry.net.za,registry
278,builders,4,4308,12/19/13,builders,whois.donuts.co,registry
279,contractors,1,4303,11/8/13,contractors,whois.donuts.co,registry
280,limited,2,4254,4/17/14,limited,whois.donuts.co,registry
281,energy,6,4220,10/16/14,energy,whois.donuts.co,registry
282,horse,3,4150,2/28/14,horse,whois-dub.mm-registry.com,registry
283,build,3,4121,1/9/14,build,whois.nic.build,registry
284,nagoya,5,4093,1/16/14,nagoya,whois.nic.nagoya,registry
285,haus,1,4031,3/26/14,haus,whois.unitedtld.com,registry
286,toys,2,3988,4/3/14,toys,whois.donuts.co,registry
287,show,3,3939,4/9/15,show,whois.donuts.co,registry
288,cab,5,3934,12/12/13,cab,whois.donuts.co,registry
289,pizza,3,3801,8/22/14,pizza,whois.donuts.co,registry
290,gratis,20,3783,4/17/14,gratis,whois.donuts.co,registry
291,poker,2,3734,9/4/14,poker,whois.afilias.net,registry
292,plumbing,1,3730,11/8/13,plumbing,whois.donuts.co,registry
293,��Ȍ_�,1,3705,1/23/14,xn--6frz82g,whois.afilias.net,registry
294,�_Ԍ��,NA,3702,11/20/14,xn--hxt814e,whois.nic.xn--hxt814e,registry
295,surf,2,3686,3/13/14,surf,whois-dub.mm-registry.com,registry
296,archi,2,3684,3/20/14,archi,whois.ksregistry.net,registry
297,casino,8,3657,2/13/15,casino,whois.donuts.co,registry
298,engineering,1,3638,4/3/14,engineering,whois.donuts.co,registry
299,kred,3,3635,2/20/14,kred,whois.nic.kred,registry
300,glass,4,3625,12/19/13,glass,whois.donuts.co,registry
301,supply,1,3621,2/13/14,supply,whois.donuts.co,registry
302,cheap,1,3575,1/9/14,cheap,whois.donuts.co,registry
303,fish,1,3501,2/13/14,fish,whois.donuts.co,registry
304,saarland,1,3479,3/20/14,saarland,whois.ksregistry.net,registry
305,place,8,3460,6/5/14,place,whois.donuts.co,registry
306,earth,3,3456,4/16/15,earth,whois.nic.earth,registry
307,express,4,3452,3/12/15,express,whois.donuts.co,registry
308,insure,2,3408,4/24/14,insure,whois.donuts.co,registry
309,futbol,6,3348,2/6/14,futbol,whois.unitedtld.com,registry
310,joburg,1,3344,6/5/14,joburg,joburg-whois.registry.net.za,registry
311,recipes,2,3304,12/12/13,recipes,whois.donuts.co,registry
312,gifts,2,3277,7/31/14,gifts,whois.donuts.co,registry
313,catering,1,3236,1/30/14,catering,whois.donuts.co,registry
314,gent,3,3176,7/3/14,gent,whois.nic.gent,registry
315,vodka,2,3172,2/28/14,vodka,whois-dub.mm-registry.com,registry
316,bank,13,3170,11/26/14,bank,whois.nic.bank,registry
317,yokohama,5,3167,3/27/14,yokohama,whois.nic.yokohama,registry
318,supplies,NA,3160,2/13/14,supplies,whois.donuts.co,registry
319,apartments,1,3131,2/5/15,apartments,whois.donuts.co,registry
320,cooking,2,3115,2/28/14,cooking,whois-dub.mm-registry.com,registry
321,financial,1,3088,4/17/14,financial,whois.donuts.co,registry
322,ngo,7,3047,7/10/14,ngo,whois.publicinterestregistry.net,registry
323,ong,1,3047,7/10/14,ong,whois.publicinterestregistry.net,registry
324,dating,9,3034,1/23/14,dating,whois.donuts.co,registry
325,rip,4,3017,10/9/14,rip,whois.rightside.co,registry
326,garden,1,2989,10/23/14,garden,whois-dub.mm-registry.com,registry
327,gal,24,2978,3/13/14,gal,whois.gal.coreregistry.net,registry
328,florist,1,2943,12/19/13,florist,whois.donuts.co,registry
329,diamonds,1,2922,11/13/13,diamonds,whois.donuts.co,registry
330,ceo,1,2911,12/19/13,ceo,whois.nic.ceo,registry
331,industries,NA,2905,2/13/14,industries,whois.donuts.co,registry
332,best,10,2846,2/20/14,best,whois.nic.best,registry
333,auction,2,2828,4/24/14,auction,whois.unitedtld.com,registry
334,exposed,1,2803,1/30/14,exposed,whois.donuts.co,registry
335,dentist,NA,2792,5/22/14,dentist,whois.rightside.co,registry
336,limo,1,2756,12/12/13,limo,whois.donuts.co,registry
337,loans,NA,2727,5/8/14,loans,whois.donuts.co,registry
338,fishing,1,2686,2/28/14,fishing,whois-dub.mm-registry.com,registry
339,fail,1,2681,4/17/14,fail,whois.donuts.co,registry
340,taipei,19,2665,9/25/14,taipei,whois.nic.taipei,registry
341,versicherung,NA,2654,5/15/14,versicherung,whois.nic.versicherung,registry
342,voyage,3,2653,10/31/13,voyage,whois.donuts.co,registry
343,investments,1,2644,4/17/14,investments,whois.donuts.co,registry
344,bargains,1,2632,1/16/14,bargains,whois.donuts.co,registry
345,country,2,2599,2/28/14,country,whois-dub.mm-registry.com,registry
346,moda,5,2589,1/9/14,moda,whois.unitedtld.com,registry
347,_____�_�____,18,2563,10/21/13,xn--80asehdb,whois.online.rs.corenic.net,registry
348,town,5,2557,4/3/14,town,whois.donuts.co,registry
349,okinawa,7,2554,2/20/14,okinawa,whois.nic.okinawa,registry
350,cleaning,1,2551,1/30/14,cleaning,whois.donuts.co,registry
351,tienda,2,2522,1/16/14,tienda,whois.donuts.co,registry
352,guitars,NA,2460,1/9/14,guitars,whois.uniregistry.net,registry
353,durban,1,2430,6/5/14,durban,durban-whois.registry.net.za,registry
354,mortgage,NA,2426,5/22/14,mortgage,whois.rightside.co,registry
355,mba,1,2410,5/14/15,mba,whois.donuts.co,registry
356,condos,NA,2397,2/6/14,condos,whois.donuts.co,registry
357,engineer,1,2391,5/29/14,engineer,whois.rightside.co,registry
358,how,3,2388,6/12/14,how,domain-registry-whois.l.google.com,registry
359,srl,1,2371,7/9/15,srl,whois.afilias-srs.net,registry
360,delivery,1,2350,10/16/14,delivery,whois.donuts.co,registry
361,green,1,2320,6/12/14,green,whois.afilias.net,registry
362,credit,1,2269,4/24/14,credit,whois.donuts.co,registry
363,cruises,1,2238,1/30/14,cruises,whois.donuts.co,registry
364,desi,15,2235,3/6/14,desi,whois.ksregistry.net,registry
365,associates,1,2233,4/3/14,associates,whois.donuts.co,registry
366,jewelry,2,2212,4/9/15,jewelry,whois.donuts.co,registry
367,lat,5,2188,12/4/14,lat,whois.nic.lat,registry
368,irish,2,2141,11/6/14,irish,whois.afilias-srs.net,registry
369,furniture,1,2140,4/17/14,furniture,whois.donuts.co,registry
370,rodeo,1,2090,2/28/14,rodeo,whois-dub.mm-registry.com,registry
371,lgbt,1,2072,6/26/14,lgbt,whois.afilias.net,registry
372,surgery,1,2061,4/17/14,surgery,whois.donuts.co,registry
373,soccer,NA,2028,5/8/15,soccer,whois.donuts.co,registry
374,villas,1,2020,2/6/14,villas,whois.donuts.co,registry
375,flights,3,1992,1/30/14,flights,whois.donuts.co,registry
376,schule,1,1987,4/11/14,schule,whois.donuts.co,registry
377,juegos,3,1972,5/8/14,juegos,whois.uniregistry.net,registry
378,alsace,1,1970,9/18/14,alsace,whois-alsace.nic.fr,registry
379,gop,6,1924,3/6/14,gop,whois-cl01.mm-registry.com,registry
380,actor,1,1913,2/20/14,actor,whois.unitedtld.com,registry
381,degree,NA,1909,5/22/14,degree,whois.rightside.co,registry
382,film,2,1879,2/27/15,film,whois.nic.film,registry
383,mma,1,1729,2/27/15,mma,whois-mma.nic.fr,registry
384,�����ҋ��,3,1666,11/13/13,xn--q9jyb4c,domain-registry-whois.l.google.com,registry
385,soy,3,1662,3/20/14,soy,domain-registry-whois.l.google.com,registry
386,lease,1,1657,4/3/14,lease,whois.donuts.co,registry
387,��_���,NA,1657,7/2/15,xn--tckwe,whois.nic.xn--tckwe,registry
388,__��__,2,1603,2/27/14,xn--c1avg,whois.publicinterestregistry.net,registry
389,rehab,3,1563,5/29/14,rehab,whois.rightside.co,registry
390,coupons,1,1543,5/8/15,coupons,whois.donuts.co,registry
391,claims,1,1440,5/1/14,claims,whois.donuts.co,registry
392,tennis,1,1407,1/29/15,tennis,whois.donuts.co,registry
393,reise,2,1397,5/15/14,reise,whois.nic.reise,registry
394,rest,4,1392,3/6/14,rest,whois.nic.rest,registry
395,courses,NA,1384,2/19/15,courses,whois.aridnrs.net.au,registry
396,fans,NA,1303,2/5/15,fans,whois.nic.fans,registry
397,accountants,1,1298,4/24/14,accountants,whois.donuts.co,registry
398,feedback,NA,1272,3/6/14,feedback,whois.nic.feedback,registry
399,viajes,1,1270,12/12/13,viajes,whois.donuts.co,registry
400,vote,1,1213,2/13/14,vote,whois.afilias.net,registry
401,museum,12,1209,10/20/01,museum,whois.museum,registry
402,rio,2,1192,5/15/14,rio,whois.gtlds.nic.br,registry
403,�����į�,1,1187,10/21/13,xn--ngbc5azd,whois.nic.xn--ngbc5azd,registry
404,army,1,1146,5/29/14,army,whois.rightside.co,registry
405,��_�__��,2,1137,10/21/13,xn--80aswg,whois.site.rs.corenic.net,registry
406,maison,NA,1117,2/6/14,maison,whois.donuts.co,registry
407,physio,1,1084,6/5/14,physio,whois.nic.physio,registry
408,hockey,1,1074,4/30/15,hockey,whois.donuts.co,registry
409,�ݠ�ݢ,NA,1045,12/12/13,xn--3bst00m,whois.gtld.knet.cn,registry
410,career,1,1041,3/20/14,career,whois.nic.career,registry
411,luxury,1,1020,1/9/14,luxury,whois.nic.luxury,registry
412,movie,6,1016,3/12/15,movie,whois.donuts.co,registry
413,democrat,NA,1015,1/9/14,democrat,whois.unitedtld.com,registry
414,bingo,1,1004,1/29/15,bingo,whois.donuts.co,registry
415,_�_���_�,3,996,2/13/14,xn--d1acj3b,whois.nic.xn--d1acj3b,registry
416,gives,1,994,5/29/14,gives,whois.rightside.co,registry
417,gripe,1,957,4/3/14,gripe,whois.donuts.co,registry
418,�ۄĄ�,NA,948,7/3/14,xn--p1acf,whois.nic.xn--p1acf,registry
419,tatar,NA,932,7/3/14,tatar,whois.nic.tatar,registry
420,tickets,1,917,3/19/15,tickets,whois.nic.tickets,registry
421,theater,1,902,4/30/15,theater,whois.donuts.co,registry
422,voting,NA,901,1/16/14,voting,whois.voting.tld-box.at,registry
423,republican,1,797,5/29/14,republican,whois.rightside.co,registry
424,������_,1,776,5/15/14,xn--4gbrim,whois.afilias-srs.net,registry
425,creditcard,1,766,4/24/14,creditcard,whois.donuts.co,registry
426,study,2,701,2/19/15,study,whois.nic.study,registry
427,sarl,1,694,7/31/14,sarl,whois.donuts.co,registry
428,tires,1,681,12/11/14,tires,whois.donuts.co,registry
429,corsica,1,670,4/23/15,corsica,whois-corsica.nic.fr,registry
430,istanbul,15,655,5/29/15,istanbul,whois.afilias-srs.net,registry
431,shiksha,4,608,1/16/14,shiksha,whois.afilias.net,registry
432,ist,1,603,5/29/15,ist,whois.afilias-srs.net,registry
433,qpon,NA,540,1/9/14,qpon,whois.nic.qpon,registry
434,organic,1,515,5/29/14,organic,whois.afilias.net,registry
435,osaka,2,489,12/4/14,osaka,whois.nic.osaka,registry
436,ryukyu,1,471,3/13/14,ryukyu,whois.nic.ryukyu,registry
437,navy,NA,443,5/29/14,navy,whois.rightside.co,registry
438,hiv,NA,440,5/22/14,hiv,whois.afilias-srs.net,registry
439,memorial,NA,420,11/20/14,memorial,whois.donuts.co,registry
440,markets,1,406,3/6/15,markets,whois.nic.markets,registry
441,auto,NA,394,3/12/15,auto,whois.uniregistry.net,registry
442,kyoto,1,390,1/8/15,kyoto,whois.nic.kyoto,registry
443,car,1,371,8/26/15,car,whois.uniregistry.net,registry
444,cars,1,362,3/12/15,cars,whois.uniregistry.net,registry
445,bible,1,343,5/14/15,bible,whois.nic.bible,registry
446,krd,4,331,7/10/14,krd,whois.aridnrs.net.au,registry
447,airforce,NA,320,4/17/14,airforce,whois.unitedtld.com,registry
448,�ϼ�_�,NA,315,2/27/14,xn--nqv7f,whois.publicinterestregistry.net,registry
449,ltda,1,295,7/3/14,ltda,whois.afilias-srs.net,registry
450,voto,NA,286,2/13/14,voto,whois.afilias.net,registry
451,trading,NA,276,3/6/15,trading,whois.nic.trading,registry
452,�����_����,NA,230,2/6/14,xn--mgbab2bd,whois.bazaar.coreregistry.net,registry
453,promo,NA,206,12/18/15,promo,whois.afilias.net,registry
454,abogado,NA,204,7/10/14,abogado,whois-dub.mm-registry.com,registry
455,��_���,NA,196,1/9/14,xn--fiq64b,whois.gtld.knet.cn,registry
456,security,NA,195,9/3/15,security,whois.nic.security,registry
457,������,NA,167,2/5/15,xn--vuq861b,whois.ngtld.cn,registry
458,wed,NA,163,12/12/13,wed,whois.nic.wed,registry
459,reit,NA,155,10/23/14,reit,whois.nic.reit,registry
460,broker,1,148,3/6/15,broker,whois.nic.broker,registry
461,nra,NA,144,7/10/14,nra,whois.afilias-srs.net,registry
462,pharmacy,2,133,8/28/14,pharmacy,whois.nic.pharmacy,registry
463,boats,NA,132,2/13/15,boats,whois.afilias-srs.net,registry
464,citic,2,132,4/17/14,citic,whois.nic.citic,registry
465,theatre,NA,131,8/13/15,theatre,whois.nic.theatre,registry
466,vip,NA,111,7/30/15,vip,whois-dub.mm-registry.com,registry
467,yachts,NA,99,5/1/14,yachts,whois.afilias-srs.net,registry
468,seat,NA,98,3/6/15,seat,whois.nic.seat,registry
469,�_��_�_ш_ʈ_�,NA,94,2/27/14,xn--i1b6b1a6a2e,whois.publicinterestregistry.net,registry
470,bradesco,1,91,5/29/15,bradesco,whois-cl01.mm-registry.com,registry
471,�_����,NA,85,7/24/14,xn--xhq521b,whois.ngtld.cn,registry
472,lotto,NA,84,6/5/14,lotto,whois.afilias.net,registry
473,cancerresearch,NA,83,6/19/14,cancerresearch,whois.nic.cancerresearch,registry
474,abbott,1,79,11/20/14,abbott,whois.afilias-srs.net,registry
475,rich,NA,79,1/16/14,rich,whois.afilias-srs.net,registry
476,bloomberg,NA,77,10/16/14,bloomberg,whois.nic.bloomberg,registry
477,weir,1,76,4/2/15,weir,whois.nic.weir,registry
478,barclays,1,75,1/8/15,barclays,whois.nic.barclays,registry
479,hoteles,NA,73,5/14/15,hoteles,whois.nic.hoteles,registry
480,�_݌��,NA,69,7/17/14,xn--1qqw23a,whois.ngtld.cn,registry
481,leclerc,3,65,1/29/15,leclerc,whois-leclerc.nic.fr,registry
482,protection,NA,65,8/13/15,protection,whois.nic.protection,registry
483,whoswho,1,65,6/12/14,whoswho,whois.nic.whoswho,registry
484,forex,1,61,3/6/15,forex,whois.nic.forex,registry
485,mom,NA,59,8/13/15,mom,whois.uniregistry.net,registry
486,globo,1,57,2/20/14,globo,whois.gtlds.nic.br,registry
487,trust,1,51,11/26/14,trust,whois.nic.trust,registry
488,linde,NA,46,9/3/15,linde,whois.nic.linde,registry
489,��ǌ�_,NA,43,11/6/14,xn--45q11c,whois.nic.xn--45q11c,registry
490,firmdale,NA,42,9/4/14,firmdale,whois.nic.firmdale,registry
491,uol,1,39,8/7/14,uol,whois.gtlds.nic.br,registry
492,sky,1,36,10/2/14,sky,whois.nic.sky,registry
493,mango,1,33,1/23/14,mango,whois.mango.coreregistry.net,registry
494,microsoft,1,32,4/30/15,microsoft,whois.nic.microsoft,registry
495,shriram,NA,32,12/4/14,shriram,whois.afilias-srs.net,registry
496,pictet,1,30,1/8/15,pictet,whois.nic.pictet,registry
497,audi,NA,28,11/12/15,audi,whois.afilias-srs.net,registry
498,bentley,NA,26,5/14/15,bentley,whois.nic.bentley,registry
499,sener,NA,26,4/2/15,sener,whois.nic.sener,registry
500,windows,1,26,4/30/15,windows,whois.nic.windows,registry
501,mini,NA,25,6/5/14,mini,whois.ksregistry.net,registry
502,ice,2,23,7/9/15,ice,whois.nic.ice,registry
503,aig,NA,22,4/9/15,aig,whois.nic.aig,registry
504,cisco,1,21,4/16/15,cisco,whois.nic.cisco,registry
505,neustar,NA,21,2/6/14,neustar,whois.nic.neustar,registry
506,abb,NA,20,4/9/15,abb,whois.nic.abb,registry
507,man,NA,20,2/27/15,man,whois.nic.man,registry
508,monash,1,20,1/9/14,monash,whois.nic.monash,registry
509,obi,NA,20,9/3/15,obi,whois.nic.obi,registry
510,������,NA,20,3/12/15,xn--nyqy26a,,registry
511,bing,1,19,4/30/15,bing,whois.nic.bing,registry
512,philips,NA,19,2/5/15,philips,whois.nic.philips,registry
513,aquarelle,NA,18,11/6/14,aquarelle,whois-aquarelle.nic.fr,registry
514,azure,NA,17,4/30/15,azure,whois.nic.azure,registry
515,cern,3,17,8/13/14,cern,whois.afilias-srs.net,registry
516,chanel,NA,17,6/18/15,chanel,whois.nic.chanel,registry
517,saxo,1,17,1/15/15,saxo,whois.aridnrs.net.au,registry
518,xbox,NA,17,4/30/15,xbox,whois.nic.xbox,registry
519,symantec,NA,17,9/24/15,symantec,whois.nic.symantec,registry
520,aco,NA,16,7/16/15,aco,whois.afilias-srs.net,registry
521,axa,1,16,3/13/14,axa,whois.nic.axa,registry
522,yandex,1,16,7/10/14,yandex,whois.nic.yandex,registry
523,clubmed,NA,16,9/24/15,clubmed,whois.nic.clubmed,registry
524,csc,1,15,8/6/15,csc,whois.nic.csc,registry
525,nadex,NA,15,4/2/15,nadex,whois.nic.nadex,registry
526,hotmail,NA,14,4/30/15,hotmail,whois.nic.hotmail,registry
527,jprs,NA,14,12/18/14,jprs,whois.nic.jprs,registry
528,stada,NA,14,8/13/15,stada,whois.afilias-srs.net,registry
529,jaguar,NA,14,10/15/15,jaguar,whois.nic.jaguar,registry
530,rwe,NA,14,10/1/15,rwe,whois.nic.rwe,registry
531,barclaycard,2,13,1/8/15,barclaycard,whois.nic.barclaycard,registry
532,cba,1,13,3/26/15,cba,whois.nic.cba,registry
533,lupin,NA,13,3/19/15,lupin,whois.nic.lupin,registry
534,oracle,NA,13,1/15/15,oracle,whois.nic.oracle,registry
535,praxi,1,13,3/27/14,praxi,whois.nic.praxi,registry
536,arte,NA,13,9/24/15,arte,whois.nic.arte,registry
537,accenture,NA,12,4/30/15,accenture,whois.nic.accenture,registry
538,active,NA,12,6/19/14,active,whois.afilias-srs.net,registry
539,homes,NA,12,5/1/14,homes,whois.afilias-srs.net,registry
540,otsuka,NA,12,6/26/14,otsuka,whois.nic.otsuka,registry
541,realty,NA,12,6/11/15,realty,whois.nic.realty,registry
542,bbva,NA,11,4/23/15,bbva,whois.nic.bbva,registry
543,bmw,1,11,6/5/14,bmw,whois.ksregistry.net,registry
544,dvag,NA,11,9/18/14,dvag,whois.ksregistry.net,registry
545,foo,1,11,3/20/14,foo,domain-registry-whois.l.google.com,registry
546,google,11,11,9/4/14,google,domain-registry-whois.l.google.com,registry
547,lancaster,NA,11,6/18/15,lancaster,whois-lancaster.nic.fr,registry
548,sanofi,NA,11,7/16/15,sanofi,whois.nic.sanofi,registry
549,sca,NA,11,7/17/14,sca,whois.nic.sca,registry
550,toray,NA,11,4/16/15,toray,whois.nic.toray,registry
551,williamhill,NA,11,7/3/14,williamhill,whois.nic.williamhill,registry
552,storage,NA,11,12/10/15,storage,whois.afilias-srs.net,registry
553,forum,NA,10,6/11/15,forum,whois.nic.forum,registry
554,frogans,NA,10,4/3/14,frogans,whois-frogans.nic.fr,registry
555,omega,NA,9,4/23/15,omega,whois.nic.omega,registry
556,aarp,NA,9,10/22/15,aarp,whois.nic.aarp,registry
557,shell,NA,9,11/6/15,shell,whois.nic.shell,registry
558,afl,NA,8,2/19/15,afl,whois.nic.afl,registry
559,crs,NA,8,8/28/14,crs,whois.nic.crs,registry
560,gmo,NA,8,2/27/14,gmo,whois.nic.gmo,registry
561,jcb,NA,8,1/8/15,jcb,whois.nic.gmo,registry
562,swatch,NA,8,4/23/15,swatch,whois.nic.swatch,registry
563,��_�����_,NA,8,2/13/15,xn--kcrx77d1x4a,whois.nic.xn--kcrx77d1x4a,registry
564,weber,NA,8,12/10/15,weber,whois.nic.weber,registry
565,cfa,NA,7,4/16/15,cfa,whois.nic.cfa,registry
566,dnp,NA,7,2/27/14,dnp,whois.nic.dnp,registry
567,emerck,1,7,9/11/14,emerck,whois.afilias-srs.net,registry
568,redstone,NA,7,3/6/15,redstone,whois.afilias-srs.net,registry
569,scb,1,7,6/26/14,scb,whois.nic.scb,registry
570,sew,NA,7,11/6/14,sew,whois.afilias-srs.net,registry
571,sncf,NA,7,5/8/15,sncf,whois-sncf.nic.fr,registry
572,spreadbetting,1,7,3/6/15,spreadbetting,whois.nic.spreadbetting,registry
573,������,NA,7,3/12/15,xn--30rr7y,whois.nic.wang,registry
574,�С���,NA,7,8/6/15,xn--efvy88h,whois.nic.xn--efvy88h,registry
575,norton,NA,7,9/24/15,norton,whois.nic.norton,registry
576,fox,NA,7,11/20/15,fox,whois.nic.fox,registry
577,cfd,NA,6,3/6/15,cfd,whois.nic.cfd,registry
578,crown,NA,6,6/4/15,crown,whois.nic.crown,registry
579,dabur,NA,6,1/15/15,dabur,whois.afilias-srs.net,registry
580,orange,2,6,6/18/15,orange,whois.nic.orange,registry
581,samsung,1,6,10/30/14,samsung,whois.nic.samsung,registry
582,sandvik,1,6,5/14/15,sandvik,whois.nic.sandvik,registry
583,walter,NA,6,5/14/15,walter,whois.nic.walter,registry
584,��_��,NA,6,12/12/13,xn--cg4bki,whois.kr,registry
585,bostik,NA,6,11/6/15,bostik,whois-bostik.nic.fr,registry
586,autos,NA,5,5/1/14,autos,whois.afilias-srs.net,registry
587,brother,NA,5,4/9/15,brother,whois.nic.brother,registry
588,maif,NA,5,2/13/15,maif,whois.nic.maif,registry
589,ntt,NA,5,1/8/15,ntt,whois.nic.ntt,registry
590,sap,1,5,3/19/15,sap,whois.nic.sap,registry
591,skype,NA,5,3/19/15,skype,whois.nic.skype,registry
592,sony,1,5,3/6/15,sony,whois.nic.sony,registry
593,sohu,NA,5,2/27/14,sohu,whois.nic.sohu,registry
594,mutuelle,NA,5,9/24/15,mutuelle,whois-mutuelle.nic.fr,registry
595,total,NA,5,2/5/16,total,whois-total.nic.fr,registry
596,bridgestone,NA,4,4/16/15,bridgestone,whois.nic.bridgestone,registry
597,eurovision,NA,4,8/28/14,eurovision,whois.nic.eurovision,registry
598,fage,NA,4,6/25/15,fage,whois.afilias-srs.net,registry
599,fan,NA,4,2/28/15,fan,whois.nic.fan,registry
600,komatsu,NA,4,3/6/15,komatsu,whois.nic.komatsu,registry
601,latrobe,NA,4,11/6/14,latrobe,whois.nic.latrobe,registry
602,motorcycles,NA,4,5/1/14,motorcycles,whois.afilias-srs.net,registry
603,mtn,NA,4,3/12/15,mtn,whois.nic.mtn,registry
604,suzuki,NA,4,6/26/14,suzuki,whois.nic.suzuki,registry
605,tatamotors,NA,4,7/16/15,tatamotors,whois.nic.tatamotors,registry
606,toshiba,NA,4,10/9/14,toshiba,whois.nic.toshiba,registry
607,toyota,NA,4,7/16/15,toyota,whois.nic.toyota,registry
608,wme,NA,4,8/22/14,wme,whois.nic.wme,registry
609,seven,NA,4,9/23/15,seven,whois.nic.seven,registry
610,volkswagen,NA,4,12/23/15,volkswagen,whois.nic.volkswagen,registry
611,aeg,NA,3,6/11/15,aeg,whois.nic.aeg,registry
612,canon,NA,3,1/29/15,canon,whois.nic.canon,registry
613,everbank,NA,3,7/31/14,everbank,whois.nic.everbank,registry
614,here,1,3,6/12/14,here,domain-registry-whois.l.google.com,registry
615,lidl,NA,3,12/4/14,lidl,whois.nic.lidl,registry
616,marriott,NA,3,12/18/14,marriott,whois.afilias-srs.net,registry
617,schmidt,NA,3,6/19/14,schmidt,whois.nic.schmidt,registry
618,schwarz,NA,3,12/4/14,schwarz,whois.nic.schwarz,registry
619,�_��_�,NA,3,5/8/15,xn--imr513n,,registry
620,xperia,NA,3,7/23/15,xperia,whois.nic.xperia,registry
621,mtr,NA,3,7/31/15,mtr,whois.nic.mtr,registry
622,amica,NA,3,8/6/15,amica,whois.nic.amica,registry
623,erni,NA,3,2/5/15,erni,whois.nic.erni,registry
624,dell,NA,3,4/30/15,dell,whois.nic.dell,registry
625,landrover,NA,3,10/15/15,landrover,whois.nic.landrover,registry
626,aaa,NA,2,8/13/15,aaa,whois.nic.aaa,registry
627,ads,2,2,2/5/15,ads,domain-registry-whois.l.google.com,registry
628,allfinanz,NA,2,9/25/14,allfinanz,whois.ksregistry.net,registry
629,app,15,2,6/25/15,app,whois.nic.google,registry
630,bbc,1,2,3/12/15,bbc,whois.nic.bbc,registry
631,bms,NA,2,9/10/15,bms,whois.nic.bms,registry
632,boo,1,2,6/12/14,boo,domain-registry-whois.l.google.com,registry
633,channel,NA,2,8/23/14,channel,domain-registry-whois.l.google.com,registry
634,dad,NA,2,6/12/14,dad,domain-registry-whois.l.google.com,registry
635,day,NA,2,6/12/14,day,domain-registry-whois.l.google.com,registry
636,eat,NA,2,6/12/14,eat,domain-registry-whois.l.google.com,registry
637,esq,NA,2,8/23/14,esq,domain-registry-whois.l.google.com,registry
638,fly,NA,2,8/23/14,fly,domain-registry-whois.l.google.com,registry
639,game,1,2,7/2/15,game,whois.uniregistry.net,registry
640,gbiz,NA,2,8/23/14,gbiz,domain-registry-whois.l.google.com,registry
641,genting,NA,2,6/11/15,genting,whois.nic.genting,registry
642,gmail,1,2,8/23/14,gmail,domain-registry-whois.l.google.com,registry
643,goo,3,2,2/13/15,goo,whois.nic.gmo,registry
644,group,5,2,7/30/15,group,whois.donuts.co,registry
645,hitachi,1,2,4/23/15,hitachi,whois.nic.gmo,registry
646,ing,NA,2,6/12/14,ing,domain-registry-whois.l.google.com,registry
647,jll,NA,2,5/14/15,jll,whois.afilias-srs.net,registry
648,lexus,NA,2,7/16/15,lexus,whois.nic.lexus,registry
649,ltd,1,2,8/6/15,ltd,whois.donuts.co,registry
650,meme,NA,2,6/12/14,meme,domain-registry-whois.l.google.com,registry
651,mov,NA,2,6/12/14,mov,domain-registry-whois.l.google.com,registry
652,nec,1,2,4/2/15,nec,whois.nic.nec,registry
653,netbank,NA,2,3/26/15,netbank,whois.nic.netbank,registry
654,new,1,2,6/12/14,new,domain-registry-whois.l.google.com,registry
655,nico,NA,2,2/5/15,nico,whois.nic.nico,registry
656,nokia,NA,2,4/23/15,nokia,whois.afilias-srs.net,registry
657,page,NA,2,2/5/15,page,domain-registry-whois.l.google.com,registry
658,prod,4,2,8/23/14,prod,domain-registry-whois.l.google.com,registry
659,prof,NA,2,9/4/14,prof,domain-registry-whois.l.google.com,registry
660,rsvp,NA,2,8/23/14,rsvp,domain-registry-whois.l.google.com,registry
661,vista,NA,2,6/4/15,vista,whois.nic.vista,registry
662,vistaprint,NA,2,6/4/15,vistaprint,whois.nic.vistaprint,registry
663,xerox,NA,2,4/2/15,xerox,whois.nic.xerox,registry
664,����_�,NA,2,7/17/14,xn--fjq720a,whois.donuts.co,registry
665,������,NA,2,10/21/13,xn--unup4y,whois.donuts.co,registry
666,youtube,1,2,8/23/14,youtube,domain-registry-whois.l.google.com,registry
667,zip,NA,2,8/23/14,zip,domain-registry-whois.l.google.com,registry
668,hermes,NA,2,10/30/14,hermes,whois.afilias-srs.net,registry
669,lamborghini,NA,2,11/12/15,lamborghini,whois.afilias-srs.net,registry
670,rocher,NA,2,9/10/15,rocher,whois.nic.rocher,registry
671,broadway,NA,2,10/8/15,broadway,whois-cl01.mm-registry.com,registry
672,bugatti,NA,2,11/12/15,bugatti,whois.afilias-srs.net,registry
673,insurance,NA,2,11/6/15,insurance,whois.nic.insurance,registry
674,med,1,2,11/12/15,med,whois.nic.med,registry
675,salon,NA,2,11/12/15,salon,whois.nic.salon,registry
676,statefarm,NA,2,11/6/15,statefarm,whois.nic.statefarm,registry
677,airtel,NA,1,6/18/15,airtel,whois.nic.airtel,registry
678,android,NA,1,10/30/14,android,domain-registry-whois.l.google.com,registry
679,bauhaus,NA,1,3/12/15,bauhaus,whois.nic.bauhaus,registry
680,bcn,NA,1,6/4/15,bcn,whois.nic.bcn,registry
681,bharti,NA,1,5/8/15,bharti,whois.nic.bharti,registry
682,bnl,NA,1,6/11/15,bnl,whois.afilias-srs.net,registry
683,bom,NA,1,5/29/15,bom,whois.gtlds.nic.br,registry
684,bond,NA,1,10/30/14,bond,whois.nic.bond,registry
685,boots,NA,1,6/18/15,boots,whois.nic.boots,registry
686,budapest,NA,1,2/28/14,budapest,whois-dub.mm-registry.com,registry
687,cal,NA,1,9/4/14,cal,domain-registry-whois.l.google.com,registry
688,caravan,NA,1,5/22/14,caravan,whois.nic.caravan,registry
689,cartier,NA,1,11/20/14,cartier,whois.nic.cartier,registry
690,cbn,NA,1,11/20/14,cbn,whois.nic.cbn,registry
691,ceb,NA,1,7/2/15,ceb,whois.afilias-srs.net,registry
692,chloe,NA,1,1/8/15,chloe,whois.nic.chloe,registry
693,chrome,NA,1,9/4/14,chrome,domain-registry-whois.l.google.com,registry
694,commbank,NA,1,3/26/15,commbank,whois.nic.commbank,registry
695,cuisinella,NA,1,6/19/14,cuisinella,whois.nic.cuisinella,registry
696,cyou,NA,1,3/19/15,cyou,whois.afilias-srs.net,registry
697,datsun,NA,1,7/10/14,datsun,whois.nic.gmo,registry
698,dclk,NA,1,1/8/15,dclk,domain-registry-whois.l.google.com,registry
699,delta,NA,1,6/25/15,delta,whois.afilias-srs.net,registry
700,dev,205,1,11/20/14,dev,domain-registry-whois.l.google.com,registry
701,docs,NA,1,11/20/14,docs,domain-registry-whois.l.google.com,registry
702,doha,NA,1,2/27/15,doha,whois.nic.doha,registry
703,drive,NA,1,6/4/15,drive,whois.nic.google,registry
704,epson,NA,1,2/19/15,epson,whois.aridnrs.net.au,registry
705,final,NA,1,5/29/15,final,whois.gtlds.nic.br,registry
706,flsmidth,NA,1,9/25/14,flsmidth,whois.ksregistry.net,registry
707,gea,NA,1,7/9/15,gea,whois.afilias-srs.net,registry
708,ggee,NA,1,12/18/14,ggee,whois.nic.ggee,registry
709,giving,NA,1,6/11/15,giving,whois.nic.giving,registry
710,gle,1,1,9/4/14,gle,domain-registry-whois.l.google.com,registry
711,gmx,NA,1,8/7/14,gmx,whois-fe1.gmx.tango.knipp.de,registry
712,goldpoint,NA,1,2/13/15,goldpoint,whois.nic.goldpoint,registry
713,goog,2,1,1/8/15,goog,domain-registry-whois.l.google.com,registry
714,guge,NA,1,2/19/15,guge,domain-registry-whois.l.google.com,registry
715,hangout,NA,1,1/8/15,hangout,domain-registry-whois.l.google.com,registry
716,homedepot,NA,1,5/29/15,homedepot,whois.afilias-srs.net,registry
717,honda,NA,1,3/6/15,honda,whois.nic.honda,registry
718,hsbc,NA,1,1/15/15,hsbc,whois.nic.hsbc,registry
719,hyundai,NA,1,9/17/15,hyundai,whois.nic.hyundai,registry
720,ibm,NA,1,9/25/14,ibm,whois.nic.ibm,registry
721,icbc,NA,1,4/9/15,icbc,whois.afilias-srs.net,registry
722,icu,NA,1,3/6/15,icu,whois.nic.icu,registry
723,iinet,NA,1,8/18/14,iinet,whois.aridnrs.net.au,registry
724,infiniti,1,1,7/10/14,infiniti,whois.nic.gmo,registry
725,ipiranga,NA,1,4/2/15,ipiranga,whois.nic.ipiranga,registry
726,itau,1,1,5/29/15,itau,whois.nic.itau,registry
727,iwc,NA,1,11/20/14,iwc,whois.nic.iwc,registry
728,java,NA,1,1/15/15,java,whois.nic.java,registry
729,jlc,NA,1,3/12/15,jlc,whois.nic.jlc,registry
730,kddi,NA,1,12/18/14,kddi,whois.nic.kddi,registry
731,kia,NA,1,9/17/15,kia,whois.nic.kia,registry
732,lacaixa,NA,1,7/10/14,lacaixa,whois.nic.lacaixa,registry
733,lasalle,NA,1,6/4/15,lasalle,whois.afilias-srs.net,registry
734,lds,NA,1,10/16/14,lds,whois.afilias-srs.net,registry
735,liaison,NA,1,3/19/15,liaison,whois.nic.liaison,registry
736,lixil,NA,1,7/16/15,lixil,whois.nic.lixil,registry
737,lotte,NA,1,1/8/15,lotte,whois.nic.lotte,registry
738,luxe,NA,1,3/13/14,luxe,whois-dub.mm-registry.com,registry
739,madrid,NA,1,10/2/14,madrid,whois.madrid.rs.corenic.net,registry
740,meet,NA,1,3/20/14,meet,whois.afilias.net,registry
741,montblanc,NA,1,11/20/14,montblanc,whois.nic.montblanc,registry
742,mormon,NA,1,10/16/14,mormon,whois.afilias-srs.net,registry
743,movistar,1,1,6/18/15,movistar,whois-fe.movistar.tango.knipp.de,registry
744,mtpc,NA,1,2/27/15,mtpc,whois.nic.gmo,registry
745,nexus,NA,1,9/4/14,nexus,domain-registry-whois.l.google.com,registry
746,nhk,NA,1,4/24/14,nhk,whois.nic.nhk,registry
747,nissan,NA,1,7/10/14,nissan,whois.nic.gmo,registry
748,office,7,1,6/4/15,office,whois.nic.office,registry
749,panerai,NA,1,2/19/15,panerai,whois.nic.panerai,registry
750,piaget,NA,1,1/8/15,piaget,whois.nic.piaget,registry
751,play,1,1,6/4/15,play,whois.nic.google,registry
752,pohl,NA,1,9/18/14,pohl,whois.ksregistry.net,registry
753,ricoh,NA,1,3/6/15,ricoh,whois.nic.ricoh,registry
754,sakura,NA,1,6/4/15,sakura,whois.nic.sakura,registry
755,sandvikcoromant,NA,1,5/14/15,sandvikcoromant,whois.nic.sandvikcoromant,registry
756,scholarships,NA,1,7/10/14,scholarships,whois.afilias-srs.net,registry
757,scor,NA,1,4/30/15,scor,whois.nic.scor,registry
758,seek,NA,1,4/16/15,seek,whois.nic.seek,registry
759,spiegel,NA,1,6/19/14,spiegel,whois.ksregistry.net,registry
760,starhub,NA,1,5/8/15,starhub,whois.nic.starhub,registry
761,statoil,NA,1,6/11/15,statoil,whois.nic.statoil,registry
762,stc,1,1,8/20/15,stc,whois.centralnic.com,registry
763,stcgroup,NA,1,8/20/15,stcgroup,whois.centralnic.com,registry
764,stockholm,NA,1,9/17/15,stockholm,whois.afilias-srs.net,registry
765,telefonica,5,1,6/18/15,telefonica,whois-fe.telefonica.tango.knipp.de,registry
766,temasek,NA,1,12/18/14,temasek,whois.afilias-srs.net,registry
767,thd,NA,1,5/14/15,thd,whois.afilias-srs.net,registry
768,tui,NA,1,9/18/14,tui,whois.ksregistry.net,registry
769,ubs,NA,1,6/11/15,ubs,whois.nic.ubs,registry
770,viva,NA,1,8/20/15,viva,whois.centralnic.com,registry
771,wtc,NA,1,4/17/14,wtc,whois.nic.wtc,registry
772,�_����_�,NA,1,7/2/15,xn--11b4c3d,whois.nic.xn--11b4c3d,registry
773,��_���,NA,1,7/2/15,xn--3pxu8k,whois.nic.xn--3pxu8k,registry
774,����_���,NA,1,7/2/15,xn--42c2d9a,whois.nic.xn--42c2d9a,registry
775,���_,NA,1,12/12/13,xn--55qw42g,whois.conac.cn,registry
776,_�_�_�,NA,1,7/2/15,xn--9dbq2a,whois.nic.xn--9dbq2a,registry
777,�Ѧ��_,NA,1,3/12/15,xn--9et52u,whois.nic.wang,registry
778,�������,NA,1,12/18/14,xn--b4w605ferd,whois.afilias-srs.net,registry
779,�_�����_�,NA,1,7/2/15,xn--c2br7g,whois.nic.xn--c2br7g,registry
780,������,NA,1,11/20/14,xn--czrs0t,whois.donuts.co,registry
781,�ᴏ��,NA,1,4/23/15,xn--estv75g,whois.afilias-srs.net,registry
782,������,NA,1,7/2/15,xn--fhbei,whois.nic.xn--fhbei,registry
783,���_�,NA,1,10/9/14,xn--flw351e,domain-registry-whois.l.google.com,registry
784,_�____,NA,1,7/2/15,xn--j1aef,whois.nic.xn--j1aef,registry
785,���ȫ,NA,1,7/2/15,xn--mk1bu44c,whois.nic.xn--mk1bu44c,registry
786,�����ϼ�_�,NA,1,2/27/14,xn--nqv7fs00ema,whois.publicinterestregistry.net,registry
787,�_����,NA,1,7/2/15,xn--pssy2u,whois.nic.xn--pssy2u,registry
788,�⡋�_�⡋��,NA,1,10/9/14,xn--qcka1pmc,domain-registry-whois.l.google.com,registry
789,�����,NA,1,7/2/15,xn--t60b56a,whois.nic.xn--t60b56a,registry
790,verm̦gensberater,NA,1,9/18/14,xn--vermgensberater-ctb,whois.ksregistry.net,registry
791,verm̦gensberatung,NA,1,9/18/14,xn--vermgensberatung-pwb,whois.ksregistry.net,registry
792,�_���_,NA,1,11/25/13,xn--vhquv,whois.donuts.co,registry
793,����_�,NA,1,12/12/13,xn--zfr164b,whois.conac.cn,registry
794,yodobashi,NA,1,2/13/15,yodobashi,whois.nic.gmo,registry
795,zuerich,NA,1,12/18/14,zuerich,whois.ksregistry.net,registry
796,cipriani,NA,1,7/30/15,cipriani,whois.afilias-srs.net,registry
797,kinder,NA,1,9/10/15,kinder,whois.nic.kinder,registry
798,moi,1,1,9/10/15,moi,whois.nic.moi,registry
799,virgin,NA,1,9/10/15,virgin,whois.nic.virgin,registry
800,yamaxun,NA,1,9/10/15,yamaxun,whois.nic.yamaxun,registry
801,ferrero,NA,1,9/10/15,ferrero,whois.nic.ferrero,registry
802,vuelos,NA,1,2/19/16,vuelos,whois.nic.vuelos,registry
803,zara,NA,1,9/10/15,zara,whois.afilias-srs.net,registry
804,aramco,NA,1,8/20/15,aramco,whois.nic.aramco,registry
805,gucci,NA,1,3/6/15,gucci,whois.nic.gucci,registry
806,meo,NA,1,1/15/15,meo,whois.nic.meo,registry
807,ping,NA,1,9/24/15,ping,whois.nic.ping,registry
808,sapo,NA,1,1/15/15,sapo,whois.nic.sapo,registry
809,sbs,NA,1,9/24/15,sbs,whois.nic.sbs,registry
810,������������,NA,1,8/20/15,xn--mgba3a3ejt,,registry
811,apple,NA,1,7/2/15,apple,whois.afilias-srs.net,registry
812,beats,NA,1,8/13/15,beats,whois.afilias-srs.net,registry
813,redumbrella,NA,1,11/20/15,redumbrella,whois.afilias-srs.net,registry
814,fairwinds,NA,1,10/29/15,fairwinds,whois.nic.fairwinds,registry
815,playstation,NA,1,9/24/15,playstation,whois.nic.playstation,registry
816,comsec,NA,1,10/8/15,comsec,whois.nic.comsec,registry
817,cityeats,NA,1,9/24/15,cityeats,whois.nic.cityeats,registry
818,creditunion,NA,1,10/15/15,creditunion,whois.afilias-srs.net,registry
819,lifestyle,NA,1,10/1/15,lifestyle,whois.nic.lifestyle,registry
820,vana,NA,1,9/24/15,vana,whois.nic.vana,registry
821,ford,NA,1,12/10/15,ford,whois.nic.ford,registry
822,grainger,NA,1,10/29/15,grainger,whois.nic.grainger,registry
823,tab,NA,1,9/4/15,tab,whois.nic.tab,registry
824,book,1,1,11/12/15,book,whois.nic.book,registry
825,���������_���_,NA,1,12/3/15,xn--mgbb9fbpob,,registry
826,jmp,NA,1,11/20/15,jmp,whois.nic.jmp,registry
827,bot,NA,1,11/12/15,bot,whois.nic.bot,registry
828,��_��,NA,1,1/8/16,xn--g2xx48c,,registry
829,boehringer,NA,1,11/6/15,boehringer,whois.afilias-srs.net,registry
830,verisign,NA,1,11/6/15,verisign,whois.nic.verisign,registry
831,bosch,NA,1,12/18/15,bosch,whois.nic.bosch,registry
832,sfr,NA,1,11/12/15,sfr,whois.nic.sfr,registry
833,author,NA,1,11/12/15,author,whois.nic.author,registry
834,buy,NA,1,11/20/15,buy,whois.afilias-srs.net,registry
835,call,1,1,11/12/15,call,whois.nic.call,registry
836,circle,NA,1,11/12/15,circle,whois.nic.circle,registry
837,fast,NA,1,11/12/15,fast,whois.nic.fast,registry
838,firestone,NA,1,10/29/15,firestone,whois.nic.firestone,registry
839,got,NA,1,11/12/15,got,whois.nic.got,registry
840,jot,NA,1,11/12/15,jot,whois.nic.jot,registry
841,joy,NA,1,11/12/15,joy,whois.nic.joy,registry
842,like,NA,1,11/12/15,like,whois.nic.like,registry
843,nowruz,NA,1,11/25/15,nowruz,whois.agitsys.net,registry
844,pin,NA,1,11/12/15,pin,whois.nic.pin,registry
845,read,NA,1,11/12/15,read,whois.nic.read,registry
846,room,NA,1,11/12/15,room,whois.nic.room,registry
847,safe,NA,1,11/12/15,safe,whois.nic.safe,registry
848,sharp,NA,1,11/25/15,sharp,whois.nic.gmo,registry
849,shia,NA,1,11/25/15,shia,whois.agitsys.net,registry
850,smile,NA,1,11/12/15,smile,whois.nic.smile,registry
851,tci,NA,1,11/25/15,tci,whois.agitsys.net,registry
852,travelers,NA,1,11/25/15,travelers,whois.afilias-srs.net,registry
853,zero,NA,1,11/12/15,zero,whois.nic.zero,registry
854,dealer,NA,1,11/25/15,dealer,whois.nic.dealer,registry
855,pars,NA,1,11/25/15,pars,whois.agitsys.net,registry
856,���ɯ�����,NA,1,11/25/15,xn--mgbt3dhd,whois.agitsys.net,registry
857,contact,NA,1,12/10/15,contact,whois.nic.contact,registry
858,trv,1,1,11/25/15,trv,whois.afilias-srs.net,registry
859,tushu,NA,1,11/12/15,tushu,whois.nic.tushu,registry
860,watches,NA,1,11/12/15,watches,whois.nic.watches,registry
861,�ĝ��_��_���,NA,1,11/25/15,xn--eckvdtc9d,,registry
862,kfh,NA,1,10/29/15,kfh,whois.centralnic.com,registry
863,kpn,NA,1,12/4/15,kpn,whois.nic.kpn,registry
864,travelersinsurance,NA,1,11/25/15,travelersinsurance,whois.afilias-srs.net,registry
865,wanggou,NA,1,11/12/15,wanggou,whois.nic.wanggou,registry
866,��܏��,NA,1,11/12/15,xn--kpu716f,,registry
867,���_����,NA,1,10/29/15,xn--ngbe9e0a,whois.centralnic.com,registry
868,��ʌ��,NA,1,11/12/15,xn--pbt977c,,registry
869,lincoln,NA,1,12/10/15,lincoln,whois.nic.lincoln,registry
870,sas,NA,1,11/20/15,sas,whois.nic.sas,registry
871,����ټ��_,NA,1,4/23/15,xn--jlq61u9w7b,whois.afilias-srs.net,registry
872,clinique,NA,1,12/10/15,clinique,whois.afilias-srs.net,registry
873,analytics,NA,1,11/20/15,analytics,whois.nic.analytics,registry
874,mobily,NA,1,12/3/15,mobily,whois.nic.mobily,registry
875,pid,NA,1,12/10/15,pid,whois.nic.pid,registry
876,star,NA,1,12/10/15,star,whois.afilias-srs.net,registry
877,lamer,NA,1,12/10/15,lamer,whois.afilias-srs.net,registry
878,origins,NA,1,12/10/15,origins,whois.afilias-srs.net,registry
879,rexroth,NA,1,12/17/15,rexroth,whois.nic.rexroth,registry
880,safety,NA,1,4/23/15,safety,whois.nic.safety,registry
881,schaeffler,NA,1,12/17/15,schaeffler,whois.afilias-srs.net,registry
882,baidu,2,1,12/17/15,baidu,whois.ngtld.cn,registry
883,living,NA,1,12/10/15,living,whois.nic.living,registry
884,nikon,NA,1,10/1/15,nikon,whois.nic.nikon,registry
885,tube,NA,1,12/23/15,tube,whois.nic.tube,registry
886,dubai,NA,1,12/17/15,dubai,whois.nic.dubai,registry
887,frontier,NA,1,1/29/16,frontier,whois.nic.frontier,registry
888,fresenius,NA,1,12/17/15,fresenius,whois.ksregistry.net,registry
889,alibaba,1,1,1/8/16,alibaba,whois.nic.alibaba,registry
890,weather,NA,1,12/23/15,weather,whois.nic.weather,registry
891,deloitte,NA,1,12/23/15,deloitte,whois.nic.deloitte,registry
892,lifeinsurance,NA,1,7/9/15,lifeinsurance,whois.nic.lifeinsurance,registry
893,iselect,NA,1,11/20/15,iselect,whois.nic.iselect,registry
894,compare,NA,1,12/23/15,compare,whois.nic.compare,registry
895,makeup,NA,1,12/23/15,makeup,whois.nic.makeup,registry
896,select,NA,1,12/23/15,select,whois.nic.select,registry
897,skin,NA,1,12/23/15,skin,whois.nic.skin,registry
898,alipay,1,1,1/8/16,alipay,whois.nic.alipay,registry
899,softbank,NA,1,12/23/15,softbank,whois.nic.softbank,registry
900,edeka,NA,1,1/8/16,edeka,whois.afilias-srs.net,registry
901,pamperedchef,NA,1,5/14/15,pamperedchef,whois.nic.pamperedchef,registry
902,taobao,1,1,1/8/16,taobao,whois.nic.taobao,registry
903,tiffany,NA,1,12/17/15,tiffany,whois.nic.tiffany,registry
904,tmall,1,1,1/8/16,tmall,whois.nic.tmall,registry
905,adac,NA,1,11/20/15,adac,whois.nic.adac,registry
906,health,NA,1,9/17/15,health,whois.nic.health,registry
907,helsinki,NA,1,12/10/15,helsinki,whois.afilias-srs.net,registry
908,lanxess,NA,1,1/8/16,lanxess,whois.nic.lanxess,registry
909,spot,NA,1,1/29/16,spot,whois.nic.spot,registry
910,weatherchannel,NA,1,1/22/16,weatherchannel,whois.nic.weatherchannel,registry
911,quest,NA,1,8/6/15,quest,whois.nic.quest,registry
912,�ĥ�����ċ��Ĥ��_,NA,1,1/29/16,xn--bck1b9a5dre4c,,registry
913,coupon,NA,1,1/29/16,coupon,whois.nic.coupon,registry
914,kerrylogistics,NA,1,12/17/15,kerrylogistics,whois.nic.kerrylogistics,registry
915,song,NA,1,1/29/16,song,whois.nic.song,registry
916,tvs,NA,1,2/5/16,tvs,whois.afilias-srs.net,registry
917,jpmorgan,NA,1,1/14/16,jpmorgan,whois.nic.jpmorgan,registry
918,chase,NA,1,1/14/16,chase,whois.nic.chase,registry
919,flickr,NA,1,1/29/16,flickr,whois.nic.flickr,registry
920,gallup,NA,1,10/15/15,gallup,whois.afilias-srs.net,registry
921,hdfcbank,NA,1,2/5/16,hdfcbank,whois.afilias-srs.net,registry
922,natura,NA,1,1/29/16,natura,whois.afilias-srs.net,registry
923,pwc,NA,1,1/15/16,pwc,whois.afilias-srs.net,registry
924,wolterskluwer,NA,1,2/5/16,wolterskluwer,whois.afilias-srs.net,registry
925,yahoo,2,1,1/29/16,yahoo,whois.nic.yahoo,registry
926,��ȋ�_���,NA,1,1/29/16,xn--1ck2e1b,,registry
927,��_�����,NA,1,1/29/16,xn--cck2b3b,,registry
928,����ĩ��_���,NA,1,1/29/16,xn--gckr3f0f,,registry
929,������,NA,1,1/29/16,xn--rovu88b,,registry
930,����Ό_���Ռ��,NA,1,2/5/16,xn--w4r85el8fhu5dnra,whois.nic.xn--w4r85el8fhu5dnra,registry
931,telecity,NA,1,2/11/16,telecity,whois.nic.telecity,registry
932,store,NA,1,2/11/16,store,whois.nic.store,registry
933,viking,NA,1,10/15/15,viking,whois.afilias-srs.net,registry
934,��ٌҁ,NA,1,1/29/16,xn--jvr189m,,registry
935,kerryhotels,NA,1,12/17/15,kerryhotels,whois.nic.kerryhotels,registry
936,tunes,NA,1,1/29/16,tunes,whois.nic.tunes,registry
937,passagens,NA,1,2/19/16,passagens,whois.nic.passagens,registry
938,avianca,NA,1,2/26/16,avianca,whois.afilias-srs.net,registry
939,kerryproperties,NA,1,12/17/15,kerryproperties,whois.nic.kerryproperties,registry
940,kuokgroup,NA,1,12/17/15,kuokgroup,whois.nic.kuokgroup,registry
941,imamat,NA,1,4/7/16,imamat,whois.afilias-srs.net,registry
942,������,NA,1,3/18/16,xn--fct429k,,registry
943,bcg,NA,1,2/11/16,bcg,whois.afilias-srs.net,registry
944,gmbh,NA,1,3/3/16,gmbh,whois.donuts.co,registry
945,locus,NA,1,2/26/16,locus,whois.nic.locus,registry
946,jnj,NA,1,1/14/16,jnj,whois.nic.jnj,registry
947,teva,NA,1,2/19/16,teva,whois.nic.teva,registry
948,stream,NA,1,2/26/16,stream,whois.nic.stream,registry
949,aws,NA,1,3/18/16,aws,whois.nic.aws,registry
950,extraspace,NA,1,2/26/16,extraspace,whois.afilias-srs.net,registry
951,talk,NA,1,3/18/16,talk,whois.nic.talk,registry
952,you,1,1,3/18/16,you,whois.nic.you,registry
953,kpmg,NA,1,1/14/16,kpmg,whois.nic.kpmg,registry
954,jcp,NA,1,3/3/16,jcp,whois.afilias-srs.net,registry
955,nissay,NA,1,1/8/16,nissay,whois.nic.nissay,registry
956,mutual,NA,1,7/2/15,mutual,whois.nic.mutual,registry
957,abbvie,NA,1,2/26/16,abbvie,whois.afilias-srs.net,registry
958,baby,NA,1,1/14/16,baby,whois.nic.baby,registry
959,northwesternmutual,NA,1,12/4/15,northwesternmutual,whois.nic.northwesternmutual,registry
960,vig,NA,1,11/25/15,vig,whois.afilias-srs.net,registry
961,agakhan,NA,1,3/31/16,agakhan,whois.afilias-srs.net,registry
962,akdn,NA,1,3/31/16,akdn,whois.afilias-srs.net,registry
963,ismaili,NA,1,4/7/16,ismaili,whois.afilias-srs.net,registry
964,doosan,NA,0,10/30/14,doosan,whois.nic.doosan,registry
965,ac,70,NA,12/19/97,ac,whois.nic.ac,registry
966,ad,36,NA,1/9/96,ad,,registry
967,ae,742,NA,12/1/92,ae,whois.aeda.net.ae,registry
968,aero,111,NA,12/21/01,aero,whois.aero,registry
969,af,72,NA,10/16/97,af,whois.nic.af,registry
970,ag,88,NA,9/3/91,ag,whois.nic.ag,registry
971,ai,57,NA,2/16/95,ai,whois.ai,registry
972,al,161,NA,4/21/92,al,whois.nic.al,registry
973,am,390,NA,8/26/94,am,whois.amnic.net,registry
974,ao,26,NA,11/15/95,ao,,registry
975,aq,1,NA,2/26/92,aq,,registry
976,ar,2477,NA,9/23/87,ar,whois.nic.ar,registry
977,arpa,1,NA,1/1/85,arpa,whois.iana.org,registry
978,as,23,NA,6/12/97,as,whois.nic.as,registry
979,asia,599,NA,5/2/07,asia,whois.nic.asia,registry
980,at,2250,NA,1/20/88,at,whois.nic.at,registry
981,au,7018,NA,3/5/86,au,whois.audns.net.au,registry
982,aw,2,NA,2/20/96,aw,whois.nic.aw,registry
983,ax,3,NA,6/21/06,ax,whois.ax,registry
984,az,921,NA,8/25/93,az,,registry
985,ba,231,NA,8/14/96,ba,,registry
986,bb,5,NA,9/3/91,bb,,registry
987,bd,321,NA,5/20/99,bd,,registry
988,be,2395,NA,8/5/88,be,whois.dns.be,registry
989,bf,11,NA,3/29/93,bf,,registry
990,bg,1195,NA,1/3/95,bg,whois.register.bg,registry
991,bh,55,NA,2/1/94,bh,whois.nic.bh,registry
992,bi,9,NA,10/21/96,bi,whois1.nic.bi,registry
993,bj,6,NA,1/18/96,bj,whois.nic.bj,registry
994,bm,12,NA,3/31/93,bm,,registry
995,bn,29,NA,6/3/94,bn,whois.bnnic.bn,registry
996,bnpparibas,4,NA,7/31/14,bnpparibas,whois.afilias-srs.net,registry
997,bo,98,NA,2/26/91,bo,whois.nic.bo,registry
998,br,14555,NA,4/18/89,br,whois.registro.br,registry
999,bs,7,NA,9/3/91,bs,,registry
1000,bt,22,NA,7/16/97,bt,,registry
1001,bv,1,NA,8/21/97,bv,,registry
1002,bw,13,NA,3/19/93,bw,whois.nic.net.bw,registry
1003,by,1664,NA,5/10/94,by,whois.cctld.by,registry
1004,bz,210,NA,9/3/91,bz,,registry
1005,ca,4566,NA,5/14/87,ca,whois.cira.ca,registry
1006,cc,1794,NA,10/13/97,cc,ccwhois.verisign-grs.com,registry
1007,cd,27,NA,8/20/97,cd,whois.nic.cd,registry
1008,cf,143,NA,4/24/96,cf,whois.dot.cf,registry
1009,cg,2,NA,1/14/97,cg,,registry
1010,ch,2473,NA,5/20/87,ch,whois.nic.ch,registry
1011,ci,53,NA,2/14/95,ci,whois.nic.ci,registry
1012,ck,1,NA,8/8/95,ck,whois.nic.ck,registry
1013,cl,1329,NA,1/27/95,cl,whois.nic.cl,registry
1014,cm,100,NA,4/29/95,cm,whois.nic.cm,registry
1015,cn,13034,NA,11/28/90,cn,whois.cnnic.cn,registry
1016,co,5402,NA,12/24/91,co,whois.nic.co,registry
1017,cr,186,NA,9/10/90,cr,whois.nic.cr,registry
1018,cu,75,NA,6/3/92,cu,,registry
1019,cv,11,NA,10/21/96,cv,,registry
1020,cw,4,NA,12/20/10,cw,,registry
1021,cx,42,NA,4/24/97,cx,whois.nic.cx,registry
1022,cy,139,NA,7/26/94,cy,,registry
1023,cz,4692,NA,1/13/93,cz,whois.nic.cz,registry
1024,de,23273,NA,11/5/86,de,whois.denic.de,registry
1025,dj,12,NA,5/22/96,dj,,registry
1026,dk,2177,NA,7/14/87,dk,whois.dk-hostmaster.dk,registry
1027,dm,4,NA,9/3/91,dm,whois.nic.dm,registry
1028,do,280,NA,8/25/91,do,whois.nic.do,registry
1029,dz,177,NA,1/3/94,dz,whois.nic.dz,registry
1030,ec,300,NA,2/1/91,ec,whois.nic.ec,registry
1031,edu,3420,NA,1/1/85,edu,whois.educause.edu,registry
1032,ee,526,NA,6/3/92,ee,whois.tld.ee,registry
1033,eg,588,NA,11/30/90,eg,,registry
1034,er,NA,NA,9/24/96,er,,registry
1035,es,6970,NA,4/14/88,es,whois.nic.es,registry
1036,et,5,NA,10/15/95,et,,registry
1037,eu,4270,NA,4/28/05,eu,whois.eu,registry
1038,fi,1804,NA,12/17/86,fi,whois.fi,registry
1039,fj,15,NA,6/3/92,fj,,registry
1040,fk,1,NA,3/26/97,fk,whois.nic.fk,registry
1041,fm,410,NA,4/19/95,fm,whois.nic.fm,registry
1042,fo,23,NA,5/14/93,fo,whois.nic.fo,registry
1043,fr,10624,NA,9/2/86,fr,whois.nic.fr,registry
1044,ga,163,NA,12/12/94,ga,,registry
1045,gb,NA,NA,7/24/85,gb,,registry
1046,gd,16,NA,6/3/92,gd,whois.nic.gd,registry
1047,gdn,1,NA,12/4/14,gdn,whois.nic.gdn,registry
1048,ge,418,NA,12/2/92,ge,,registry
1049,gf,2,NA,7/25/96,gf,whois.nic.gf,registry
1050,gg,95,NA,8/7/96,gg,whois.gg,registry
1051,gh,70,NA,1/19/95,gh,whois.nic.gh,registry
1052,gi,12,NA,12/5/95,gi,whois2.afilias-grs.net,registry
1053,gl,16,NA,4/8/94,gl,whois.nic.gl,registry
1054,gm,4,NA,3/28/97,gm,,registry
1055,gn,1,NA,8/9/94,gn,,registry
1056,gov,1166,NA,1/1/85,gov,whois.dotgov.gov,registry
1057,gp,2,NA,10/21/96,gp,whois.nic.gp,registry
1058,gq,63,NA,7/10/97,gq,whois.dominio.gq,registry
1059,gr,5767,NA,2/19/89,gr,,registry
1060,gs,53,NA,7/31/97,gs,whois.nic.gs,registry
1061,gt,151,NA,8/14/92,gt,,registry
1062,gu,1,NA,4/15/94,gu,,registry
1063,gw,2,NA,2/4/97,gw,,registry
1064,gy,12,NA,9/13/94,gy,whois.registry.gy,registry
1065,hk,1587,NA,1/3/90,hk,whois.hkirc.hk,registry
1066,hm,4,NA,7/24/97,hm,whois.registry.hm,registry
1067,hn,53,NA,4/16/93,hn,whois.nic.hn,registry
1068,hr,722,NA,2/27/93,hr,whois.dns.hr,registry
1069,ht,21,NA,3/6/97,ht,whois.nic.ht,registry
1070,hu,2921,NA,11/7/90,hu,whois.nic.hu,registry
1071,id,3518,NA,2/27/93,id,whois.pandi.or.id,registry
1072,ie,1178,NA,1/27/88,ie,whois.domainregistry.ie,registry
1073,ifm,NA,NA,1/15/15,ifm,whois.nic.ifm,registry
1074,il,1608,NA,10/24/85,il,whois.isoc.org.il,registry
1075,im,196,NA,9/11/96,im,whois.nic.im,registry
1076,in,16738,NA,5/8/89,in,whois.inregistry.net,registry
1077,int,87,NA,11/3/88,int,whois.iana.org,registry
1078,io,2183,NA,9/16/97,io,whois.nic.io,registry
1079,iq,52,NA,5/9/97,iq,whois.cmc.iq,registry
1080,ir,12915,NA,4/6/94,ir,whois.nic.ir,registry
1081,is,313,NA,11/18/87,is,whois.isnic.is,registry
1082,it,12632,NA,12/23/87,it,whois.nic.it,registry
1083,je,14,NA,8/8/96,je,whois.je,registry
1084,jm,12,NA,9/24/91,jm,,registry
1085,jo,100,NA,11/23/94,jo,,registry
1086,jp,26034,NA,8/5/86,jp,whois.jprs.jp,registry
1087,ke,266,NA,4/29/93,ke,whois.kenic.or.ke,registry
1088,kg,142,NA,7/12/95,kg,whois.domain.kg,registry
1089,kh,51,NA,2/20/96,kh,,registry
1090,ki,1,NA,4/19/95,ki,whois.nic.ki,registry
1091,km,3,NA,6/8/98,km,,registry
1092,kn,3,NA,9/3/91,kn,,registry
1093,kp,3,NA,9/24/07,kp,,registry
1094,kr,6727,NA,9/29/86,kr,whois.kr,registry
1095,kw,139,NA,10/26/92,kw,,registry
1096,ky,7,NA,5/3/95,ky,whois.kyregistry.ky,registry
1097,kz,1477,NA,9/19/94,kz,whois.nic.kz,registry
1098,la,226,NA,5/14/96,la,whois.nic.la,registry
1099,lb,69,NA,8/25/93,lb,,registry
1100,lc,17,NA,9/3/91,lc,whois.nic.lc,registry
1101,li,106,NA,2/26/93,li,whois.nic.li,registry
1102,lk,464,NA,6/15/90,lk,whois.nic.lk,registry
1103,lr,2,NA,4/9/97,lr,,registry
1104,ls,7,NA,1/13/93,ls,,registry
1105,lt,1090,NA,6/3/92,lt,whois.domreg.lt,registry
1106,lu,215,NA,1/27/95,lu,whois.dns.lu,registry
1107,lv,697,NA,4/29/93,lv,whois.nic.lv,registry
1108,ly,154,NA,4/23/97,ly,whois.nic.ly,registry
1109,ma,399,NA,11/26/93,ma,whois.registre.ma,registry
1110,mc,9,NA,1/20/95,mc,,registry
1111,md,174,NA,3/24/94,md,whois.nic.md,registry
1112,me,3738,NA,9/24/07,me,whois.nic.me,registry
1113,mg,32,NA,7/25/95,mg,whois.nic.mg,registry
1114,mh,1,NA,8/16/96,mh,,registry
1115,mil,58,NA,1/1/85,mil,,registry
1116,mk,286,NA,9/23/93,mk,whois.marnet.mk,registry
1117,ml,240,NA,9/29/93,ml,whois.dot.ml,registry
1118,mm,39,NA,2/4/97,mm,,registry
1119,mn,291,NA,3/2/95,mn,whois.nic.mn,registry
1120,mo,66,NA,9/17/92,mo,whois.monic.mo,registry
1121,mp,5,NA,10/22/96,mp,whois.nic.mp,registry
1122,mq,1,NA,3/28/97,mq,,registry
1123,mr,9,NA,4/24/96,mr,,registry
1124,ms,63,NA,3/6/97,ms,whois.nic.ms,registry
1125,mt,53,NA,12/2/92,mt,whois.nic.mt,registry
1126,mu,60,NA,10/6/95,mu,whois.nic.mu,registry
1127,mv,16,NA,9/25/96,mv,,registry
1128,mw,8,NA,1/3/97,mw,,registry
1129,mx,3666,NA,2/1/89,mx,whois.mx,registry
1130,my,1414,NA,6/8/87,my,whois.mynic.my,registry
1131,mz,25,NA,9/4/92,mz,whois.nic.mz,registry
1132,na,22,NA,5/8/91,na,whois.na-nic.com.na,registry
1133,name,241,NA,8/17/01,name,whois.nic.name,registry
1134,nc,20,NA,10/13/93,nc,whois.nc,registry
1135,ne,1,NA,4/24/96,ne,,registry
1136,nf,6,NA,3/18/96,nf,whois.nic.nf,registry
1137,ng,805,NA,3/15/95,ng,whois.nic.net.ng,registry
1138,ni,64,NA,10/13/89,ni,,registry
1139,nl,7181,NA,4/25/86,nl,whois.domain-registry.nl,registry
1140,no,2013,NA,3/17/87,no,whois.norid.no,registry
1141,np,111,NA,1/25/95,np,,registry
1142,nr,5,NA,3/30/98,nr,,registry
1143,nu,303,NA,6/20/97,nu,whois.iis.nu,registry
1144,nz,1028,NA,1/19/87,nz,whois.srs.net.nz,registry
1145,om,99,NA,4/11/96,om,whois.registry.om,registry
1146,pa,121,NA,5/25/94,pa,,registry
1147,pe,934,NA,11/25/91,pe,kero.yachay.pe,registry
1148,pf,18,NA,3/19/96,pf,whois.registry.pf,registry
1149,pg,11,NA,9/26/91,pg,,registry
1150,ph,645,NA,9/14/90,ph,whois.nic.ph,registry
1151,pk,1400,NA,6/3/92,pk,,registry
1152,pl,11374,NA,7/30/90,pl,whois.dns.pl,registry
1153,pm,22,NA,8/20/97,pm,whois.nic.pm,registry
1154,pn,12,NA,7/10/97,pn,,registry
1155,post,5,NA,8/7/12,post,whois.dotpostregistry.net,registry
1156,pr,29,NA,8/27/89,pr,whois.nic.pr,registry
1157,ps,69,NA,3/22/00,ps,whois.nic.ps,registry
1158,pt,1462,NA,6/30/88,pt,whois.dns.pt,registry
1159,pw,589,NA,6/12/97,pw,whois.nic.pw,registry
1160,py,137,NA,9/9/91,py,,registry
1161,qa,201,NA,6/12/96,qa,whois.registry.qa,registry
1162,re,63,NA,4/7/97,re,whois.nic.re,registry
1163,ro,3569,NA,2/26/93,ro,whois.rotld.ro,registry
1164,rs,687,NA,9/24/07,rs,whois.rnids.rs,registry
1165,ru,50564,NA,4/7/94,ru,whois.tcinet.ru,registry
1166,rw,36,NA,10/21/96,rw,,registry
1167,sa,583,NA,5/17/94,sa,whois.nic.net.sa,registry
1168,sb,3,NA,4/19/94,sb,whois.nic.net.sb,registry
1169,sc,42,NA,5/9/97,sc,whois2.afilias-grs.net,registry
1170,sd,22,NA,3/6/97,sd,,registry
1171,se,3265,NA,9/4/86,se,whois.iis.se,registry
1172,sg,1219,NA,10/19/88,sg,whois.sgnic.sg,registry
1173,sh,70,NA,9/23/97,sh,whois.nic.sh,registry
1174,si,573,NA,4/1/92,si,whois.register.si,registry
1175,sj,1,NA,8/21/97,sj,,registry
1176,sk,1912,NA,3/29/93,sk,whois.sk-nic.sk,registry
1177,sl,2,NA,5/9/97,sl,whois.nic.sl,registry
1178,sm,15,NA,8/16/95,sm,whois.nic.sm,registry
1179,sn,41,NA,3/19/93,sn,whois.nic.sn,registry
1180,so,94,NA,8/28/97,so,whois.nic.so,registry
1181,sr,12,NA,9/3/91,sr,,registry
1182,st,87,NA,11/7/97,st,whois.nic.st,registry
1183,su,1075,NA,9/19/90,su,whois.tcinet.ru,registry
1184,sv,96,NA,11/4/94,sv,,registry
1185,sx,36,NA,12/20/10,sx,whois.sx,registry
1186,sy,59,NA,2/20/96,sy,whois.tld.sy,registry
1187,sz,7,NA,7/19/93,sz,,registry
1188,tc,25,NA,1/27/97,tc,whois.nic.tc,registry
1189,td,2,NA,11/3/97,td,,registry
1190,tel,4,NA,3/1/07,tel,whois.nic.tel,registry
1191,tf,32,NA,8/26/97,tf,whois.nic.tf,registry
1192,tg,3,NA,9/5/96,tg,whois.nic.tg,registry
1193,th,952,NA,9/7/88,th,whois.thnic.co.th,registry
1194,tj,36,NA,12/11/97,tj,,registry
1195,tk,528,NA,11/7/97,tk,whois.dot.tk,registry
1196,tl,29,NA,3/23/05,tl,whois.nic.tl,registry
1197,tm,27,NA,5/30/97,tm,whois.nic.tm,registry
1198,tn,180,NA,5/17/91,tn,whois.ati.tn,registry
1199,to,524,NA,12/18/95,to,whois.tonic.to,registry
1200,tr,4209,NA,9/17/90,tr,whois.nic.tr,registry
1201,travel,182,NA,7/27/05,travel,whois.nic.travel,registry
1202,tt,46,NA,9/3/91,tt,,registry
1203,tv,3875,NA,3/18/96,tv,tvwhois.verisign-grs.com,registry
1204,tw,4117,NA,7/31/89,tw,whois.twnic.net.tw,registry
1205,tz,95,NA,7/14/95,tz,whois.tznic.or.tz,registry
1206,ua,5160,NA,12/1/92,ua,whois.ua,registry
1207,ug,122,NA,3/8/95,ug,whois.co.ug,registry
1208,uk,15755,NA,7/24/85,uk,whois.nic.uk,registry
1209,us,2518,NA,2/15/85,us,whois.nic.us,registry
1210,uy,229,NA,9/10/90,uy,whois.nic.org.uy,registry
1211,uz,402,NA,4/29/95,uz,whois.cctld.uz,registry
1212,va,12,NA,9/11/95,va,,registry
1213,vc,82,NA,9/3/91,vc,whois2.afilias-grs.net,registry
1214,ve,614,NA,3/7/91,ve,whois.nic.ve,registry
1215,vg,13,NA,2/20/97,vg,whois.nic.vg,registry
1216,vi,2,NA,8/31/95,vi,whois.nic.vi,registry
1217,vn,2727,NA,4/14/94,vn,whois.nic.vn,registry
1218,vu,31,NA,4/10/95,vu,vunic.vu,registry
1219,wf,13,NA,11/14/97,wf,whois.nic.wf,registry
1220,ws,550,NA,7/14/95,ws,whois.website.ws,registry
1221,��ϐ�_,2,NA,2/5/11,xn--3e0b707e,whois.kr,registry
1222,�__�__�_��__,NA,NA,2/5/11,xn--45brj9c,,registry
1223,��_�_�,NA,NA,9/15/11,xn--80ao21a,whois.nic.kz,registry
1224,����_�,NA,NA,2/5/11,xn--90a3ac,whois.rnids.rs,registry
1225,_�_�_�,6,NA,9/29/14,xn--90ais,whois.cctld.by,registry
1226,��_�����������������������∨����,NA,NA,2/5/11,xn--clchc0ea0b2g2a9gcd,whois.sgnic.sg,registry
1227,___�_�,NA,NA,4/21/14,xn--d1alf,whois.marnet.mk,registry
1228,��_��_,5,NA,7/9/10,xn--fiqs8s,cwhois.cnnic.cn,registry
1229,��_���,NA,NA,7/9/10,xn--fiqz9s,cwhois.cnnic.cn,registry
1230,��_��_�����_���,NA,NA,2/5/11,xn--fpcrj9c3d,,registry
1231,��_��∦_��,NA,NA,8/19/10,xn--fzc2c9e2c,,registry
1232,��_��_�����_,NA,NA,2/5/11,xn--gecrj9c,,registry
1233,�__�__�_��__,NA,NA,2/5/11,xn--h2brj9c,,registry
1234,��_���,8,NA,3/1/11,xn--j1amh,whois.dotukr.com,registry
1235,�_����,1,NA,7/12/10,xn--j6w193g,whois.hkirc.hk,registry
1236,����__,NA,NA,7/14/10,xn--kprw13d,whois.twnic.net.tw,registry
1237,������,NA,NA,7/14/10,xn--kpry57d,whois.twnic.net.tw,registry
1238,______,NA,NA,6/21/12,xn--l1acc,,registry
1239,����¯_���_��,1,NA,2/5/11,xn--lgbbat1ad8j,whois.nic.dz,registry
1240,�_�ɯ���,NA,NA,2/5/11,xn--mgb9awbf,whois.registry.om,registry
1241,���ί�����,NA,NA,2/5/11,xn--mgba3a4f16a,whois.nic.ir,registry
1242,���ɯ�������,1,NA,5/5/10,xn--mgbaam7a8h,whois.aeda.net.ae,registry
1243,���㯤������,NA,NA,8/20/10,xn--mgbayh7gpa,,registry
1244,���_������,NA,NA,2/5/11,xn--mgbbh1a71e,,registry
1245,�����ɯ�����,NA,NA,2/5/11,xn--mgbc0a9azcg,,registry
1246,����_�_�����_��,NA,NA,5/5/10,xn--mgberp4a5d4ar,whois.nic.net.sa,registry
1247,�_��������,NA,NA,11/20/12,xn--mgbpl2fh,,registry
1248,�����_�_�_��,NA,NA,10/22/11,xn--mgbx4cd0ab,whois.mynic.my,registry
1249,������,NA,NA,1/8/15,xn--mxtq1m,whois.nic.xn--mxtq1m,registry
1250,��Շ��,NA,NA,2/11/11,xn--node,whois.itdc.ge,registry
1251,�_��ш��,1,NA,8/19/10,xn--o3cw4h,whois.thnic.co.th,registry
1252,�_�����_��,NA,NA,2/5/11,xn--ogbpf8fl,whois.tld.sy,registry
1253,�ۄ�,877,NA,5/12/10,xn--p1ai,whois.tcinet.ru,registry
1254,�������_,1,NA,8/19/10,xn--pgbs0dh,,registry
1255,��_��_�����_,NA,NA,2/5/11,xn--s9brj9c,,registry
1256,�ɯ���,1,NA,5/5/10,xn--wgbh1c,,registry
1257,��ᯱ,NA,NA,12/24/10,xn--wgbl6a,whois.registry.qa,registry
1258,�����_������������,NA,NA,8/19/10,xn--xkc2al3hye2a,,registry
1259,�����������_��������_,NA,NA,2/5/11,xn--xkc2dl3a5ee0h,,registry
1260,͡��͵,NA,NA,11/26/14,xn--y9a3aq,whois.amnic.net,registry
1261,�С�_ʌ��,NA,NA,2/5/11,xn--yfro4i67o,whois.sgnic.sg,registry
1262,���_���_��,NA,NA,8/20/10,xn--ygbi2ammx,whois.pnina.ps,registry
1263,ye,8,NA,8/19/96,ye,,registry
1264,yt,25,NA,11/17/97,yt,whois.nic.yt,registry
1265,za,3168,NA,11/7/90,za,,registry
1266,zm,22,NA,3/25/94,zm,whois.nic.zm,registry
1267,zw,34,NA,11/6/91,zw,,registry
1268,�_ԍǪ,NA,NA,12/4/15,xn--5tzm5g,whois.afilias-srs.net,registry
1269,�_������,NA,NA,9/29/14,xn--mgbtx2b,whois.cmc.iq,registry
1270,���,NA,NA,5/6/15,xn--qxam,,registry
1271,unicom,NA,NA,1/22/16,unicom,whois.nic.unicom,registry
1272,��ӎ�_,NA,NA,12/10/15,xn--8y0a063a,,registry
1273,_��_,NA,NA,12/8/15,xn--e1a4c,,registry
1274,�__���,NA,NA,4/21/15,xn--mix891f,whois.monic.mo,registry
1275,ally,NA,NA,10/22/15,ally,whois.afilias-srs.net,registry
1276,gallo,NA,NA,10/24/15,gallo,whois.nic.gallo,registry
1277,anquan,NA,NA,3/18/16,anquan,whois.teleinfo.cn,registry
1278,htc,NA,NA,3/3/16,htc,whois.nic.htc,registry
1279,shaw,NA,NA,3/10/16,shaw,whois.afilias-srs.net,registry
1280,barefoot,NA,NA,10/24/15,barefoot,whois.nic.barefoot,registry
1281,shouji,NA,NA,3/18/16,shouji,whois.teleinfo.cn,registry
1282,sina,NA,NA,2/29/16,sina,whois.afilias-srs.net,registry
1283,xihuan,NA,NA,3/18/16,xihuan,whois.teleinfo.cn,registry
1284,yun,NA,NA,3/18/16,yun,whois.teleinfo.cn,registry
1285,abudhabi,NA,NA,2/26/16,abudhabi,whois.nic.abudhabi,registry
1286,weibo,NA,NA,2/29/16,weibo,whois.afilias-srs.net,registry
1287,�_���_,NA,NA,2/29/16,xn--9krt00a,whois.afilias-srs.net,registry
1288,�����������_,NA,NA,3/3/16,xn--mgbca7dzdo,whois.nic.xn--mgbca7dzdo,registry
1289,mls,NA,NA,8/20/15,mls,whois.nic.mls,registry
1290,ftr,NA,NA,1/29/16,ftr,whois.nic.ftr,registry
1291,sbi,NA,NA,3/24/16,sbi,whois.afilias-srs.net,registry
1292,statebank,NA,NA,3/24/16,statebank,whois.afilias-srs.net,registry
1293,progressive,NA,NA,2/19/16,progressive,whois.afilias-srs.net,registry